test,
,
,
,
0,-0.059698523
0.001,-0.048863036
0.002,0.102501277
0.003,0.172870523
0.004,0.088289225
0.005,0.117058327
0.006,0.200819434
0.007,0.161872104
0.008,0.233584093
0.009,0.199683117
0.01,0.106391673
0.011,0.011163146
0.012,0.195900166
0.013,0.280693295
0.014,0.257207259
0.015,0.09596842
0.016,0.349273892
0.017,0.128115952
0.018,0.301218287
0.019,0.36825215
0.02,0.309487563
0.021,0.322655407
0.022,0.350988177
0.023,0.20135606
0.024,0.231592818
0.025,0.38191587
0.026,0.403218142
0.027,0.337939034
0.028,0.219592232
0.029,0.392843297
0.03,0.3856602
0.031,0.507814176
0.032,0.511096451
0.033,0.350412932
0.034,0.313789389
0.035,0.416038186
0.036,0.435438401
0.037,0.554585719
0.038,0.449205496
0.039,0.372877603
0.04,0.522943826
0.041,0.420845567
0.042,0.409488317
0.043,0.390134544
0.044,0.441135971
0.045,0.490245909
0.046,0.637280655
0.047,0.706761783
0.048,0.426919546
0.049,0.656576819
0.05,0.693512003
0.051,0.568179622
0.052,0.553895975
0.053,0.732283857
0.054,0.514742569
0.055,0.77216066
0.056,0.721445825
0.057,0.794689013
0.058,0.708327906
0.059,0.566666448
0.06,0.752613986
0.061,0.656150384
0.062,0.801918883
0.063,0.574835674
0.064,0.574979007
0.065,0.794094777
0.066,0.736410437
0.067,0.873049683
0.068,0.761966379
0.069,0.688249383
0.07,0.716777944
0.071,0.821991405
0.072,0.847947872
0.073,0.714952398
0.074,0.661276794
0.075,0.845786556
0.076,0.814352785
0.077,0.89978195
0.078,0.764255955
0.079,0.88472742
0.08,0.910582912
0.081,0.737240491
0.082,0.899839228
0.083,0.835010767
0.084,0.891158397
0.085,0.955168705
0.086,0.746899436
0.087,0.804367137
0.088,0.981457863
0.089,0.965817073
0.09,0.919794203
0.091,1.055642269
0.092,0.997614489
0.093,1.068438498
0.094,0.955631643
0.095,0.993315907
0.096,0.95192543
0.097,1.05698308
0.098,0.871743301
0.099,1.053051008
0.1,0.968414806
0.101,1.039784734
0.102,0.810620211
0.103,0.894362468
0.104,1.04218298
0.105,1.011849501
0.106,1.027068405
0.107,1.122589466
0.108,0.95637552
0.109,1.126213365
0.11,0.993427476
0.111,1.041056021
0.112,0.962840851
0.113,0.884752495
0.114,0.921399109
0.115,0.991444019
0.116,1.107828897
0.117,1.065985118
0.118,1.105559192
0.119,1.093566406
0.12,1.0655207
0.121,0.860775064
0.122,0.945760249
0.123,1.125995766
0.124,0.907501159
0.125,0.985689715
0.126,1.136535064
0.127,1.030428954
0.128,1.052212105
0.129,1.013121816
0.13,0.934694053
0.131,1.017631885
0.132,0.903320332
0.133,0.91695184
0.134,0.909894801
0.135,0.920372327
0.136,0.858226642
0.137,0.840971306
0.138,0.979221072
0.139,0.866290356
0.14,1.057513822
0.141,0.860127496
0.142,0.833229416
0.143,1.070378225
0.144,0.904422499
0.145,0.952931691
0.146,1.044221784
0.147,0.824969824
0.148,0.835562358
0.149,0.821638239
0.15,0.868547422
0.151,1.002999487
0.152,1.018381476
0.153,0.85959786
0.154,1.055934888
0.155,0.810048632
0.156,1.004673354
0.157,0.803194285
0.158,1.025267341
0.159,0.876880538
0.16,0.947807184
0.161,0.800540786
0.162,0.849006634
0.163,0.765519326
0.164,0.876398702
0.165,0.972215346
0.166,0.941707917
0.167,0.736628294
0.168,0.710416854
0.169,0.939770908
0.17,0.816804634
0.171,0.773344262
0.172,0.74038282
0.173,0.850223466
0.174,0.704231064
0.175,0.884122285
0.176,0.769713523
0.177,0.851801865
0.178,0.785045229
0.179,0.782908793
0.18,0.884535937
0.181,0.762820094
0.182,0.727275318
0.183,0.643486759
0.184,0.688486628
0.185,0.647658044
0.186,0.732794199
0.187,0.745498079
0.188,0.579816576
0.189,0.735536007
0.19,0.698647887
0.191,0.550108276
0.192,0.617437889
0.193,0.595471778
0.194,0.664575068
0.195,0.712155036
0.196,0.626263576
0.197,0.565918483
0.198,0.731378982
0.199,0.70073518
0.2,0.673960791
0.201,0.5182193
0.202,0.461034669
0.203,0.645980238
0.204,0.446734753
0.205,0.487397098
0.206,0.381498759
0.207,0.527780835
0.208,0.557163679
0.209,0.502310995
0.21,0.615804499
0.211,0.434482997
0.212,0.602130519
0.213,0.577123842
0.214,0.495141388
0.215,0.350109214
0.216,0.327991505
0.217,0.479666942
0.218,0.244078809
0.219,0.515878803
0.22,0.419885554
0.221,0.215362307
0.222,0.3645175
0.223,0.247112837
0.224,0.378789909
0.225,0.423152796
0.226,0.153592132
0.227,0.35502077
0.228,0.339261353
0.229,0.134025553
0.23,0.348527559
0.231,0.381735884
0.232,0.264324112
0.233,0.272369601
0.234,0.251342482
0.235,0.148969591
0.236,0.076126825
0.237,0.311855774
0.238,0.081537516
0.239,0.12309069
0.24,0.117156858
0.241,0.13804891
0.242,0.243616726
0.243,0.233518595
0.244,0.176887126
0.245,0.155110416
0.246,0.022030287
0.247,0.051623359
0.248,0.05418027
0.249,-0.123345971
0.25,-0.0552316
0.251,0.099452344
0.252,0.055450862
0.253,-0.117245224
0.254,-0.09719614
0.255,-0.096184984
0.256,-0.223882735
0.257,-0.09348424
0.258,-0.214282914
0.259,0.000659725
0.26,-0.212140753
0.261,-0.199383734
0.262,-0.194792395
0.263,-0.024078842
0.264,-0.046982814
0.265,-0.147717636
0.266,-0.06753373
0.267,-0.085550271
0.268,-0.08641468
0.269,-0.316809305
0.27,-0.29919456
0.271,-0.317281764
0.272,-0.395472357
0.273,-0.32221524
0.274,-0.27745668
0.275,-0.455684206
0.276,-0.181469235
0.277,-0.28057825
0.278,-0.202286953
0.279,-0.252645742
0.28,-0.313306223
0.281,-0.461245972
0.282,-0.525626244
0.283,-0.289472026
0.284,-0.474528123
0.285,-0.410968383
0.286,-0.431716445
0.287,-0.306197786
0.288,-0.476739461
0.289,-0.53145056
0.29,-0.373373441
0.291,-0.471986791
0.292,-0.376661727
0.293,-0.40324829
0.294,-0.550053181
0.295,-0.590570439
0.296,-0.428584006
0.297,-0.643540733
0.298,-0.616671713
0.299,-0.672629463
0.3,-0.608444178
0.301,-0.62328957
0.302,-0.610522
0.303,-0.60016076
0.304,-0.565826416
0.305,-0.553690393
0.306,-0.686123914
0.307,-0.746952086
0.308,-0.693224092
0.309,-0.706879166
0.31,-0.709298894
0.311,-0.615536237
0.312,-0.84702781
0.313,-0.668535512
0.314,-0.817547512
0.315,-0.757239429
0.316,-0.798527569
0.317,-0.854760979
0.318,-0.657956291
0.319,-0.762006211
0.32,-0.793760475
0.321,-0.714524964
0.322,-0.720403098
0.323,-0.850247668
0.324,-0.747397506
0.325,-0.858090881
0.326,-0.678709274
0.327,-0.793388118
0.328,-0.838453797
0.329,-0.929024933
0.33,-0.755292035
0.331,-0.804505659
0.332,-0.902370202
0.333,-0.873584118
0.334,-0.959243892
0.335,-0.802375581
0.336,-0.988691299
0.337,-0.835663063
0.338,-0.979402914
0.339,-0.824746961
0.34,-0.803310091
0.341,-0.881179006
0.342,-0.974821139
0.343,-0.932827441
0.344,-1.033102319
0.345,-0.934523588
0.346,-0.916774601
0.347,-0.90010335
0.348,-0.954922522
0.349,-1.039437624
0.35,-0.805109175
0.351,-1.084128207
0.352,-0.836897813
0.353,-0.930487702
0.354,-1.024340549
0.355,-0.982912049
0.356,-0.913958033
0.357,-0.871667583
0.358,-0.918259343
0.359,-1.051647762
0.36,-0.905857931
0.361,-0.943818417
0.362,-1.084394753
0.363,-0.971139228
0.364,-1.021689594
0.365,-1.024180652
0.366,-0.968313994
0.367,-1.049252936
0.368,-1.102545982
0.369,-1.062145099
0.37,-0.940463059
0.371,-1.065120046
0.372,-0.876862938
0.373,-0.881824587
0.374,-0.999325843
0.375,-1.014905729
0.376,-0.993516583
0.377,-1.057727948
0.378,-0.970727424
0.379,-0.997044292
0.38,-0.924578155
0.381,-0.893584964
0.382,-0.864028631
0.383,-1.130763405
0.384,-0.990064853
0.385,-0.884509566
0.386,-1.095592615
0.387,-0.904141135
0.388,-0.873380335
0.389,-0.879681486
0.39,-0.976528147
0.391,-1.024938403
0.392,-1.068482856
0.393,-1.018641916
0.394,-1.054342386
0.395,-0.880041613
0.396,-1.047646828
0.397,-1.086904223
0.398,-1.048379753
0.399,-0.960111113
0.4,-0.920987604
0.401,-1.080213055
0.402,-0.952340246
0.403,-0.866877126
0.404,-1.030837833
0.405,-0.795648777
0.406,-1.019127291
0.407,-0.778439225
0.408,-0.827464905
0.409,-0.941796102
0.41,-0.839430499
0.411,-0.863157683
0.412,-0.911436623
0.413,-0.938463383
0.414,-0.944906074
0.415,-0.938251589
0.416,-0.908488911
0.417,-0.993373911
0.418,-0.845861981
0.419,-0.747709136
0.42,-0.71467948
0.421,-0.753753668
0.422,-0.894394071
0.423,-0.96231339
0.424,-0.679621238
0.425,-0.67130581
0.426,-0.719072591
0.427,-0.686671524
0.428,-0.781122987
0.429,-0.705430624
0.43,-0.637353016
0.431,-0.820883531
0.432,-0.736808641
0.433,-0.877069116
0.434,-0.660326978
0.435,-0.583543593
0.436,-0.621679884
0.437,-0.684226452
0.438,-0.676069271
0.439,-0.81634047
0.44,-0.623343419
0.441,-0.706785637
0.442,-0.582424695
0.443,-0.740356452
0.444,-0.642782005
0.445,-0.656460573
0.446,-0.60174773
0.447,-0.674829392
0.448,-0.54023252
0.449,-0.489590741
0.45,-0.490134319
0.451,-0.483130209
0.452,-0.634428127
0.453,-0.595004383
0.454,-0.546437442
0.455,-0.487724331
0.456,-0.543385371
0.457,-0.389697253
0.458,-0.401506776
0.459,-0.380009691
0.46,-0.518188633
0.461,-0.324379468
0.462,-0.545031271
0.463,-0.469508925
0.464,-0.302796091
0.465,-0.526968002
0.466,-0.550452214
0.467,-0.495960067
0.468,-0.454050974
0.469,-0.280525878
0.47,-0.279078213
0.471,-0.424770962
0.472,-0.388491124
0.473,-0.328544871
0.474,-0.30936742
0.475,-0.284607766
0.476,-0.19470436
0.477,-0.139121349
0.478,-0.402541463
0.479,-0.358910732
0.48,-0.297329775
0.481,-0.300784873
0.482,-0.323505449
0.483,-0.211922271
0.484,-0.055512264
0.485,-0.191386959
0.486,-0.234375256
0.487,-0.162299909
0.488,-0.174164579
0.489,-0.157148532
0.49,-0.121123449
0.491,-0.091270068
0.492,-0.047003344
0.493,-0.066250076
0.494,-0.089024411
0.495,0.040211065
0.496,0.060598161
0.497,-0.120175452
0.498,-0.114769391
0.499,0.104404998
0.5,0.068119816
0.501,0.061507909
0.502,0.017930715
0.503,-0.028069574
0.504,0.003258171
0.505,0.206281159
0.506,0.04848788
0.507,0.058502132
0.508,-0.048763204
0.509,-0.019450473
0.51,0.003365711
0.511,0.238609509
0.512,0.158878905
0.513,0.280335281
0.514,0.224095897
0.515,0.059085076
0.516,0.119167931
0.517,0.328144177
0.518,0.175816203
0.519,0.144667043
0.52,0.275668148
0.521,0.287156083
0.522,0.286676303
0.523,0.155321565
0.524,0.432290144
0.525,0.409631508
0.526,0.288813076
0.527,0.297892152
0.528,0.451457571
0.529,0.274185369
0.53,0.274264604
0.531,0.451420193
0.532,0.291293941
0.533,0.446902459
0.534,0.344703983
0.535,0.351580443
0.536,0.436483269
0.537,0.484642833
0.538,0.494699038
0.539,0.546104675
0.54,0.583707613
0.541,0.561842064
0.542,0.458953001
0.543,0.478543413
0.544,0.566028704
0.545,0.684301515
0.546,0.4083245
0.547,0.481721001
0.548,0.559160814
0.549,0.714053881
0.55,0.453329952
0.551,0.50944832
0.552,0.636922089
0.553,0.52582834
0.554,0.56682177
0.555,0.498510664
0.556,0.531850948
0.557,0.540355746
0.558,0.766845942
0.559,0.53120341
0.56,0.553977205
0.561,0.799163691
0.562,0.564718321
0.563,0.689393838
0.564,0.784583041
0.565,0.763076155
0.566,0.695388758
0.567,0.77701792
0.568,0.627299685
0.569,0.731020911
0.57,0.769760567
0.571,0.81612221
0.572,0.808954267
0.573,0.729099107
0.574,0.798696783
0.575,0.909503258
0.576,0.71308281
0.577,0.883429105
0.578,0.899659033
0.579,0.854911389
0.58,0.941845777
0.581,0.740741936
0.582,0.72672329
0.583,0.722459375
0.584,1.002404328
0.585,0.93825072
0.586,0.922693058
0.587,1.025252807
0.588,1.024606021
0.589,1.033472532
0.59,0.88192768
0.591,0.983670597
0.592,0.923915802
0.593,1.05358732
0.594,0.879308568
0.595,1.036192506
0.596,0.902342135
0.597,0.906357193
0.598,1.019252873
0.599,1.066701609
0.6,0.876968426
0.601,0.866255085
0.602,0.912005434
0.603,1.104889843
0.604,0.910361031
0.605,1.118224027
0.606,0.837065585
0.607,0.90187944
0.608,0.834009664
0.609,1.086477624
0.61,1.092761009
0.611,1.064053645
0.612,0.934970219
0.613,1.028275335
0.614,1.05214921
0.615,1.099632464
0.616,0.97723877
0.617,0.896598238
0.618,0.924136232
0.619,1.018459885
0.62,1.095639878
0.621,0.914001062
0.622,0.861144154
0.623,1.101336729
0.624,0.877213432
0.625,0.863800816
0.626,0.954556599
0.627,1.149399556
0.628,1.118381487
0.629,0.934132253
0.63,1.084714332
0.631,0.883914289
0.632,0.993248878
0.633,0.919498334
0.634,1.083695733
0.635,0.870849578
0.636,1.099593782
0.637,1.126650499
0.638,1.005594678
0.639,1.122232352
0.64,1.127374647
0.641,1.101251732
0.642,1.049512431
0.643,1.088020765
0.644,1.033134838
0.645,0.930549117
0.646,1.019312278
0.647,1.016469095
0.648,0.999122028
0.649,0.818167174
0.65,0.956585052
0.651,0.862091129
0.652,1.068414302
0.653,0.800688452
0.654,0.987007473
0.655,0.823747457
0.656,0.946147077
0.657,0.989478186
0.658,1.04986299
0.659,0.784893789
0.66,0.756327599
0.661,0.867554616
0.662,0.802057853
0.663,0.811387196
0.664,0.987532577
0.665,0.976753513
0.666,1.012308945
0.667,0.803529404
0.668,0.872505961
0.669,0.891954362
0.67,0.834050305
0.671,0.690633093
0.672,0.906302119
0.673,0.814966337
0.674,0.786196654
0.675,0.765703244
0.676,0.821126101
0.677,0.860138629
0.678,0.822784132
0.679,0.657285565
0.68,0.872564281
0.681,0.727891034
0.682,0.701524829
0.683,0.738105001
0.684,0.692492651
0.685,0.748940004
0.686,0.681365889
0.687,0.691404194
0.688,0.553618948
0.689,0.740312901
0.69,0.670619914
0.691,0.571649286
0.692,0.604951227
0.693,0.528863238
0.694,0.747102779
0.695,0.764347653
0.696,0.742148951
0.697,0.575980912
0.698,0.668914618
0.699,0.469688392
0.7,0.732391573
0.701,0.473491635
0.702,0.482220325
0.703,0.515307016
0.704,0.438403452
0.705,0.608081105
0.706,0.453332687
0.707,0.50058914
0.708,0.435916544
0.709,0.40654614
0.71,0.341769211
0.711,0.371724359
0.712,0.487822631
0.713,0.449006124
0.714,0.439055748
0.715,0.458297874
0.716,0.314344285
0.717,0.288900131
0.718,0.309775161
0.719,0.335538972
0.72,0.346824029
0.721,0.28335845
0.722,0.372639203
0.723,0.203418561
0.724,0.435848569
0.725,0.314715933
0.726,0.432324832
0.727,0.177286402
0.728,0.408814126
0.729,0.34899204
0.73,0.288952825
0.731,0.146108398
0.732,0.281971705
0.733,0.247650362
0.734,0.109769091
0.735,0.088207647
0.736,0.299295614
0.737,0.271976737
0.738,0.288403883
0.739,0.131125976
0.74,0.029147886
0.741,0.070776023
0.742,0.181358484
0.743,-0.005662074
0.744,0.068554221
0.745,0.187023204
0.746,0.12574329
0.747,0.1695966
0.748,-0.122376139
0.749,0.090598207
0.75,-0.073958608
0.751,-0.113785284
0.752,0.089328556
0.753,0.112288795
0.754,-0.073504215
0.755,0.04258996
0.756,0.063988696
0.757,-0.193163941
0.758,-0.173307518
0.759,0.004148333
0.76,-0.271877266
0.761,-0.240275033
0.762,-0.173646251
0.763,-0.24995787
0.764,-0.11221892
0.765,-0.280420734
0.766,-0.075233878
0.767,-0.242151621
0.768,-0.149988641
0.769,-0.181543353
0.77,-0.292296481
0.771,-0.33845104
0.772,-0.355871696
0.773,-0.396380256
0.774,-0.319892704
0.775,-0.224156384
0.776,-0.408214157
0.777,-0.444279493
0.778,-0.32832222
0.779,-0.269222205
0.78,-0.365952475
0.781,-0.284430459
0.782,-0.35523242
0.783,-0.386884409
0.784,-0.541746138
0.785,-0.309544374
0.786,-0.411667281
0.787,-0.34583319
0.788,-0.427079945
0.789,-0.51419689
0.79,-0.518975979
0.791,-0.417764174
0.792,-0.439251615
0.793,-0.430745801
0.794,-0.441691074
0.795,-0.470988471
0.796,-0.466337705
0.797,-0.665790219
0.798,-0.659454294
0.799,-0.62022062
0.8,-0.635384272
0.801,-0.663289482
0.802,-0.50190267
0.803,-0.505489383
0.804,-0.674280082
0.805,-0.664662847
0.806,-0.732784973
0.807,-0.528006214
0.808,-0.760148233
0.809,-0.785019022
0.81,-0.617119357
0.811,-0.59209987
0.812,-0.652491346
0.813,-0.743493784
0.814,-0.628570967
0.815,-0.808314267
0.816,-0.854114531
0.817,-0.705054737
0.818,-0.809637934
0.819,-0.747168007
0.82,-0.85300268
0.821,-0.880009714
0.822,-0.836724143
0.823,-0.921416772
0.824,-0.873059062
0.825,-0.745280731
0.826,-0.853577039
0.827,-0.823586185
0.828,-0.755451171
0.829,-0.779417668
0.83,-0.740888615
0.831,-0.725416213
0.832,-0.730822357
0.833,-0.860555402
0.834,-0.741328569
0.835,-0.796615307
0.836,-0.987150796
0.837,-1.029438334
0.838,-0.996719524
0.839,-0.936999244
0.84,-0.917765307
0.841,-0.956687675
0.842,-0.889948696
0.843,-0.964831702
0.844,-0.941170039
0.845,-0.927407415
0.846,-0.961641649
0.847,-0.969380149
0.848,-1.025273943
0.849,-0.860248191
0.85,-1.096850961
0.851,-0.960505001
0.852,-0.888480432
0.853,-1.075209966
0.854,-0.899642268
0.855,-1.071988658
0.856,-1.008233067
0.857,-1.089700076
0.858,-0.838440356
0.859,-1.091207232
0.86,-0.986818544
0.861,-0.976248598
0.862,-0.947274041
0.863,-0.913734251
0.864,-1.065519015
0.865,-0.922391495
0.866,-1.117229814
0.867,-1.068826466
0.868,-1.137246396
0.869,-0.913613932
0.87,-0.994831701
0.871,-1.113095731
0.872,-0.86266735
0.873,-1.036501528
0.874,-1.134831844
0.875,-0.966328114
0.876,-0.936827226
0.877,-1.005872672
0.878,-1.114603948
0.879,-1.010247715
0.88,-0.856753696
0.881,-1.090294883
0.882,-0.987956731
0.883,-0.99388207
0.884,-0.936599151
0.885,-1.037275367
0.886,-1.084538663
0.887,-1.110592969
0.888,-0.923777443
0.889,-0.853549034
0.89,-1.024498274
0.891,-1.04139393
0.892,-0.836058193
0.893,-0.935297514
0.894,-0.854380948
0.895,-0.959104826
0.896,-0.92403793
0.897,-0.885893475
0.898,-1.004457862
0.899,-0.940702047
0.9,-0.803376859
0.901,-0.821609282
0.902,-0.835505849
0.903,-0.900946238
0.904,-1.032722752
0.905,-0.917378156
0.906,-0.842365288
0.907,-0.998841875
0.908,-0.921518214
0.909,-0.987302219
0.91,-0.919835183
0.911,-0.766155791
0.912,-0.755154184
0.913,-1.0326747
0.914,-0.93824668
0.915,-1.00852312
0.916,-1.013505746
0.917,-0.885935901
0.918,-0.719645032
0.919,-0.969991453
0.92,-0.84234062
0.921,-0.920233483
0.922,-0.731437581
0.923,-0.76853036
0.924,-0.8267312
0.925,-0.67531993
0.926,-0.874867325
0.927,-0.787151091
0.928,-0.721219299
0.929,-0.812117268
0.93,-0.724173487
0.931,-0.627610778
0.932,-0.788644096
0.933,-0.888934098
0.934,-0.618584144
0.935,-0.592619966
0.936,-0.679137164
0.937,-0.827379631
0.938,-0.572845681
0.939,-0.582300647
0.94,-0.631653511
0.941,-0.738269905
0.942,-0.606444479
0.943,-0.511393894
0.944,-0.735161238
0.945,-0.784059174
0.946,-0.605878221
0.947,-0.608381133
0.948,-0.685873443
0.949,-0.677471092
0.95,-0.629315361
0.951,-0.434153596
0.952,-0.481783834
0.953,-0.59589645
0.954,-0.615531663
0.955,-0.494994684
0.956,-0.57310735
0.957,-0.563200664
0.958,-0.363121013
0.959,-0.423734802
0.96,-0.356599627
0.961,-0.596606008
0.962,-0.599560897
0.963,-0.442957444
0.964,-0.291530044
0.965,-0.280587573
0.966,-0.427025678
0.967,-0.300215059
0.968,-0.497329364
0.969,-0.438704101
0.97,-0.503148194
0.971,-0.395655252
0.972,-0.196477841
0.973,-0.224945873
0.974,-0.356987042
0.975,-0.337652719
0.976,-0.433068947
0.977,-0.358062557
0.978,-0.31978462
0.979,-0.281789721
0.98,-0.373921455
0.981,-0.262318546
0.982,-0.305687503
0.983,-0.102502889
0.984,-0.112494682
0.985,-0.277548759
0.986,-0.141443722
0.987,-0.058196932
0.988,-0.283786064
0.989,0.011136226
0.99,-0.23770102
0.991,-0.091472026
0.992,-0.067492057
0.993,-0.186175342
0.994,0.067635909
0.995,0.005863978
0.996,-0.096661215
0.997,-0.066757686
0.998,0.079446932
0.999,-0.049943058
1,0.101814274
1.001,0.088669959
1.002,0.063645174
1.003,-0.058977981
1.004,-0.022935227
1.005,0.207797817
1.006,0.178872545
1.007,-0.001988161
1.008,0.058700728
1.009,0.117169668
1.01,0.047860353
1.011,0.055109588
1.012,0.269998467
1.013,0.239217368
1.014,0.309406261
1.015,0.194508826
1.016,0.07070972
1.017,0.070659312
1.018,0.366291069
1.019,0.128420236
1.02,0.350086426
1.021,0.237601915
1.022,0.285044686
1.023,0.430418214
1.024,0.164393467
1.025,0.270570445
1.026,0.347888186
1.027,0.41195421
1.028,0.483456115
1.029,0.250573025
1.03,0.307339978
1.031,0.263149239
1.032,0.288896964
1.033,0.529937708
1.034,0.553968618
1.035,0.3735119
1.036,0.388030868
1.037,0.586344675
1.038,0.554658271
1.039,0.330625448
1.04,0.415145604
1.041,0.380361618
1.042,0.481214724
1.043,0.578227305
1.044,0.605296933
1.045,0.41787984
1.046,0.522130113
1.047,0.485956848
1.048,0.434175183
1.049,0.524509704
1.05,0.483896075
1.051,0.741168624
1.052,0.459070042
1.053,0.604377881
1.054,0.614042137
1.055,0.552735645
1.056,0.682076184
1.057,0.696235306
1.058,0.736820864
1.059,0.556944778
1.06,0.623082717
1.061,0.736404385
1.062,0.776182549
1.063,0.821044267
1.064,0.660073644
1.065,0.818826326
1.066,0.8857104
1.067,0.869668255
1.068,0.893031027
1.069,0.688168381
1.07,0.919455043
1.071,0.782536574
1.072,0.68806754
1.073,0.883024704
1.074,0.735551173
1.075,0.844372302
1.076,0.795926616
1.077,0.766836563
1.078,0.731111484
1.079,0.912147786
1.08,0.799741496
1.081,0.92686538
1.082,0.947262105
1.083,0.932851861
1.084,0.735915411
1.085,0.737541775
1.086,0.96565404
1.087,1.004258455
1.088,0.912537092
1.089,0.862051023
1.09,0.964048326
1.091,1.051648225
1.092,0.936457373
1.093,0.885798492
1.094,0.915131675
1.095,0.883241451
1.096,0.805198642
1.097,0.824430739
1.098,1.032575636
1.099,1.088948221
1.1,0.928487756
1.101,1.066561249
1.102,0.993072887
1.103,0.936011984
1.104,0.95304274
1.105,0.844780275
1.106,0.859929787
1.107,0.931754755
1.108,1.030634949
1.109,1.01315814
1.11,0.998669664
1.111,0.986320733
1.112,0.9654278
1.113,1.016858586
1.114,0.890251648
1.115,0.8649527
1.116,0.853989828
1.117,1.012424145
1.118,1.043508528
1.119,1.033616512
1.12,0.963620458
1.121,0.960973135
1.122,1.009673642
1.123,0.874030026
1.124,1.004904938
1.125,0.85359559
1.126,1.146912811
1.127,0.937594041
1.128,0.996449666
1.129,1.146326989
1.13,1.139231829
1.131,0.903576119
1.132,1.020392193
1.133,0.867859855
1.134,0.976825468
1.135,0.90992537
1.136,1.030622398
1.137,1.0902602
1.138,1.017935806
1.139,0.903632085
1.14,0.99634663
1.141,0.99786232
1.142,0.868536015
1.143,0.8793331
1.144,1.07363969
1.145,0.894828905
1.146,0.872783824
1.147,0.889382688
1.148,1.108170819
1.149,0.910735637
1.15,1.02434523
1.151,1.063702315
1.152,1.089311577
1.153,0.967505189
1.154,0.854487551
1.155,0.936118781
1.156,0.998406727
1.157,0.833210993
1.158,0.984290831
1.159,0.888688279
1.16,0.857265959
1.161,0.975840227
1.162,0.748066967
1.163,0.849419321
1.164,0.99305228
1.165,0.743090525
1.166,0.807586333
1.167,0.871894616
1.168,0.732023557
1.169,0.970084336
1.17,0.885829996
1.171,0.943917421
1.172,0.949850317
1.173,0.823794517
1.174,0.958237031
1.175,0.671909317
1.176,0.731407368
1.177,0.69283365
1.178,0.651898752
1.179,0.864097838
1.18,0.886365591
1.181,0.709993903
1.182,0.786476833
1.183,0.89135738
1.184,0.640802936
1.185,0.623834286
1.186,0.709370739
1.187,0.839827892
1.188,0.813884381
1.189,0.661684909
1.19,0.584902311
1.191,0.752777144
1.192,0.536521641
1.193,0.594470177
1.194,0.529145949
1.195,0.631352559
1.196,0.627935527
1.197,0.50491401
1.198,0.591217718
1.199,0.480063461
1.2,0.660272554
1.201,0.609398773
1.202,0.634852162
1.203,0.674684451
1.204,0.676742879
1.205,0.487371184
1.206,0.630190985
1.207,0.561751542
1.208,0.566507607
1.209,0.633909513
1.21,0.586035319
1.211,0.563464005
1.212,0.352041105
1.213,0.483633493
1.214,0.406689375
1.215,0.353090488
1.216,0.290253505
1.217,0.414334117
1.218,0.29276712
1.219,0.456684655
1.22,0.256793711
1.221,0.260926436
1.222,0.26048562
1.223,0.188938512
1.224,0.263581616
1.225,0.186343455
1.226,0.24052032
1.227,0.302125165
1.228,0.281082938
1.229,0.258614056
1.23,0.338612148
1.231,0.23878769
1.232,0.166618568
1.233,0.281559712
1.234,0.268849542
1.235,0.311859711
1.236,0.248558969
1.237,0.186872135
1.238,0.007639888
1.239,0.16731196
1.24,-0.023074625
1.241,0.160015753
1.242,0.169857485
1.243,0.098659545
1.244,0.056936787
1.245,0.002514296
1.246,-0.043531288
1.247,-0.030129225
1.248,-0.081563093
1.249,0.114221233
1.25,0.025835549
1.251,0.130184434
1.252,-0.052603615
1.253,-0.000392493
1.254,0.052576864
1.255,-0.026215468
1.256,-0.073269353
1.257,-0.222557826
1.258,-0.153785286
1.259,-0.240880364
1.26,0.0202872
1.261,-0.087744848
1.262,-0.14081004
1.263,-0.175853361
1.264,-0.234622611
1.265,-0.277928849
1.266,-0.301430276
1.267,-0.06340341
1.268,-0.235770094
1.269,-0.29828153
1.27,-0.384335164
1.271,-0.233292877
1.272,-0.340043433
1.273,-0.195837055
1.274,-0.263130561
1.275,-0.334659237
1.276,-0.278701389
1.277,-0.298518946
1.278,-0.414395137
1.279,-0.343184259
1.28,-0.220271142
1.281,-0.310106341
1.282,-0.508902038
1.283,-0.362997053
1.284,-0.368289996
1.285,-0.44663033
1.286,-0.419422346
1.287,-0.456836081
1.288,-0.509485393
1.289,-0.526823167
1.29,-0.511556707
1.291,-0.399282148
1.292,-0.435206884
1.293,-0.487338601
1.294,-0.407610563
1.295,-0.498951385
1.296,-0.589100246
1.297,-0.676350154
1.298,-0.558708514
1.299,-0.432328646
1.3,-0.69921144
1.301,-0.745800862
1.302,-0.598746593
1.303,-0.751007835
1.304,-0.700457699
1.305,-0.684084762
1.306,-0.640074754
1.307,-0.59146522
1.308,-0.533145388
1.309,-0.56095189
1.31,-0.679661421
1.311,-0.813638258
1.312,-0.648945461
1.313,-0.628640688
1.314,-0.830314458
1.315,-0.762995932
1.316,-0.654769868
1.317,-0.823189325
1.318,-0.663366445
1.319,-0.658379436
1.32,-0.672965354
1.321,-0.755172776
1.322,-0.748327802
1.323,-0.92692901
1.324,-0.773615031
1.325,-0.721205701
1.326,-0.743019519
1.327,-0.924331896
1.328,-0.691677073
1.329,-0.810606151
1.33,-0.821012476
1.331,-0.942706558
1.332,-0.850658504
1.333,-0.794469015
1.334,-0.868555932
1.335,-0.805467208
1.336,-0.80913433
1.337,-0.88966178
1.338,-0.793585963
1.339,-1.028774163
1.34,-0.836596264
1.341,-0.850938606
1.342,-0.934132375
1.343,-0.871442366
1.344,-0.929688845
1.345,-0.936634181
1.346,-0.901858813
1.347,-1.074130871
1.348,-1.087848837
1.349,-1.061684
1.35,-1.058469948
1.351,-1.082767639
1.352,-0.853560922
1.353,-1.059925137
1.354,-1.089719335
1.355,-1.027660251
1.356,-1.066189841
1.357,-1.00514608
1.358,-0.851725059
1.359,-1.065513926
1.36,-0.855166648
1.361,-0.936635887
1.362,-1.100329206
1.363,-0.874669415
1.364,-0.972311543
1.365,-1.073562554
1.366,-0.894105087
1.367,-1.061736861
1.368,-1.027946503
1.369,-0.986077232
1.37,-0.876526056
1.371,-0.945962991
1.372,-0.947685716
1.373,-0.863377764
1.374,-1.111216899
1.375,-0.890045011
1.376,-0.941078231
1.377,-1.053880112
1.378,-0.960540127
1.379,-1.099247436
1.38,-1.025874105
1.381,-1.134923367
1.382,-0.897133837
1.383,-1.055159477
1.384,-0.903775862
1.385,-0.882893555
1.386,-1.03726295
1.387,-1.00713903
1.388,-0.885784038
1.389,-1.101389592
1.39,-1.057547138
1.391,-0.937730361
1.392,-0.847006545
1.393,-0.904019636
1.394,-1.004248465
1.395,-0.899095244
1.396,-0.906696806
1.397,-0.948806759
1.398,-1.057950992
1.399,-0.895748688
1.4,-0.89803055
1.401,-0.853075767
1.402,-1.027197604
1.403,-1.051195003
1.404,-0.872732321
1.405,-1.056157051
1.406,-0.779935679
1.407,-0.791320094
1.408,-0.972995291
1.409,-1.055449596
1.41,-0.965929993
1.411,-0.755087676
1.412,-1.010339551
1.413,-0.968218105
1.414,-0.795137611
1.415,-0.88840077
1.416,-0.791353924
1.417,-0.847828516
1.418,-0.728453197
1.419,-0.722167157
1.42,-0.699046398
1.421,-0.701971757
1.422,-0.949174408
1.423,-0.807266794
1.424,-0.899598364
1.425,-0.893027206
1.426,-0.940743153
1.427,-0.677137393
1.428,-0.90253519
1.429,-0.816393516
1.43,-0.668070076
1.431,-0.847861552
1.432,-0.628767346
1.433,-0.676174695
1.434,-0.6959573
1.435,-0.80854747
1.436,-0.862114233
1.437,-0.609708838
1.438,-0.631061297
1.439,-0.62597369
1.44,-0.714079631
1.441,-0.817557607
1.442,-0.573757779
1.443,-0.531236846
1.444,-0.574744301
1.445,-0.517181785
1.446,-0.553838641
1.447,-0.597395083
1.448,-0.752186031
1.449,-0.480484161
1.45,-0.580325951
1.451,-0.648071921
1.452,-0.714426344
1.453,-0.654568351
1.454,-0.452833974
1.455,-0.638007662
1.456,-0.437969119
1.457,-0.509554994
1.458,-0.551595629
1.459,-0.389508833
1.46,-0.596811301
1.461,-0.399670281
1.462,-0.353990935
1.463,-0.315895321
1.464,-0.436817514
1.465,-0.301802345
1.466,-0.55311069
1.467,-0.37114176
1.468,-0.297970637
1.469,-0.399291327
1.47,-0.307625365
1.471,-0.447619913
1.472,-0.442269111
1.473,-0.235400303
1.474,-0.198287392
1.475,-0.172837143
1.476,-0.262787105
1.477,-0.399428008
1.478,-0.13989782
1.479,-0.287743282
1.48,-0.156934211
1.481,-0.138776089
1.482,-0.145276997
1.483,-0.184984292
1.484,-0.059920393
1.485,-0.191361282
1.486,-0.042399761
1.487,-0.080813194
1.488,-0.146527005
1.489,-0.145939581
1.49,-0.255655351
1.491,-0.008393004
1.492,-0.16678423
1.493,-0.20081712
1.494,0.027200673
1.495,0.044248735
1.496,0.08977877
1.497,-0.076598409
1.498,-0.166891933
1.499,0.07378783
1.5,0.105959834
1.501,0.037504052
1.502,-0.110798232
1.503,-0.025269991
1.504,0.018235758
1.505,0.13168217
1.506,-0.025894039
1.507,0.100998824
1.508,0.093211707
1.509,0.137129414
1.51,0.173938369
1.511,0.259553545
1.512,0.123434195
1.513,0.136002094
1.514,0.267637135
1.515,0.241271556
1.516,0.320507197
1.517,0.292241668
1.518,0.306334765
1.519,0.357236395
1.52,0.235850445
1.521,0.18670498
1.522,0.271763131
1.523,0.364133711
1.524,0.371161682
1.525,0.438459899
1.526,0.38931678
1.527,0.357862122
1.528,0.296333287
1.529,0.356011142
1.53,0.283576787
1.531,0.254404478
1.532,0.433609221
1.533,0.356111866
1.534,0.295923293
1.535,0.413559022
1.536,0.364027289
1.537,0.410513769
1.538,0.4535934
1.539,0.332737
1.54,0.453531088
1.541,0.585290186
1.542,0.410228711
1.543,0.388284835
1.544,0.583241297
1.545,0.552393671
1.546,0.4436626
1.547,0.618072348
1.548,0.616852498
1.549,0.519742606
1.55,0.676429693
1.551,0.569787866
1.552,0.658779207
1.553,0.607769216
1.554,0.484319504
1.555,0.591165832
1.556,0.658252216
1.557,0.511324259
1.558,0.600368674
1.559,0.590851845
1.56,0.542138737
1.561,0.650317525
1.562,0.594805159
1.563,0.601280325
1.564,0.84745827
1.565,0.799982598
1.566,0.72763796
1.567,0.624349544
1.568,0.772273043
1.569,0.747190179
1.57,0.636132822
1.571,0.645512788
1.572,0.775757119
1.573,0.668100894
1.574,0.941569856
1.575,0.806444257
1.576,0.745170498
1.577,0.915862101
1.578,0.82599403
1.579,0.925480218
1.58,0.937276035
1.581,0.979234877
1.582,0.709509187
1.583,0.756501527
1.584,0.769938247
1.585,0.906440811
1.586,0.790822398
1.587,0.951540491
1.588,0.836871789
1.589,0.798373687
1.59,0.869802296
1.591,1.024498845
1.592,0.85663412
1.593,0.827821105
1.594,0.927016115
1.595,0.874546586
1.596,0.86493155
1.597,0.986665775
1.598,0.875002045
1.599,0.831477629
1.6,0.977929595
1.601,0.83427417
1.602,1.02673743
1.603,0.991054972
1.604,0.95943791
1.605,1.004505362
1.606,1.037724989
1.607,0.973735925
1.608,0.851760282
1.609,0.964931368
1.61,0.973346297
1.611,1.078506231
1.612,1.120571955
1.613,0.845258286
1.614,1.028697606
1.615,1.023890357
1.616,1.114145651
1.617,1.082029826
1.618,1.144677137
1.619,1.143421484
1.62,1.120931923
1.621,1.144432964
1.622,1.025804853
1.623,0.858609048
1.624,0.986231622
1.625,0.861349185
1.626,0.900210496
1.627,1.103081969
1.628,1.043025505
1.629,1.046061342
1.63,1.081334418
1.631,1.071032181
1.632,0.905239631
1.633,0.962127225
1.634,0.945960896
1.635,0.883980835
1.636,1.042220047
1.637,1.135533886
1.638,0.904477536
1.639,1.118925241
1.64,1.075057491
1.641,0.963918902
1.642,1.119072838
1.643,1.039072141
1.644,0.94448561
1.645,1.053841902
1.646,0.979275677
1.647,0.978684281
1.648,1.075093543
1.649,0.996137063
1.65,1.06541615
1.651,0.819132257
1.652,0.840226082
1.653,0.995077644
1.654,0.920448384
1.655,1.036942212
1.656,1.026091369
1.657,1.000940607
1.658,0.976435693
1.659,0.924400166
1.66,0.880244117
1.661,1.005287711
1.662,0.916522755
1.663,0.966018786
1.664,0.960050084
1.665,0.864679801
1.666,0.816485782
1.667,0.819030935
1.668,0.949582702
1.669,0.770266914
1.67,0.951243637
1.671,0.895494348
1.672,0.934632607
1.673,0.743834607
1.674,0.68727965
1.675,0.876761099
1.676,0.665369245
1.677,0.700130295
1.678,0.855855186
1.679,0.758568489
1.68,0.790434934
1.681,0.614763854
1.682,0.666726842
1.683,0.630745675
1.684,0.830277614
1.685,0.640656785
1.686,0.836455677
1.687,0.7324621
1.688,0.584376544
1.689,0.726809877
1.69,0.54495374
1.691,0.753333444
1.692,0.69615307
1.693,0.720770826
1.694,0.629656728
1.695,0.549096127
1.696,0.658561274
1.697,0.471511666
1.698,0.501162051
1.699,0.743219014
1.7,0.582816753
1.701,0.474397122
1.702,0.46847604
1.703,0.488262595
1.704,0.512574409
1.705,0.552586133
1.706,0.533417887
1.707,0.521976403
1.708,0.483095548
1.709,0.396003169
1.71,0.331879141
1.711,0.469567261
1.712,0.378568807
1.713,0.567881989
1.714,0.389439969
1.715,0.467022588
1.716,0.282676953
1.717,0.511167788
1.718,0.437458289
1.719,0.31418531
1.72,0.374284474
1.721,0.373768725
1.722,0.261841721
1.723,0.466468845
1.724,0.283333895
1.725,0.228497808
1.726,0.247261862
1.727,0.194125546
1.728,0.410082278
1.729,0.235326793
1.73,0.362379887
1.731,0.275449798
1.732,0.337643212
1.733,0.126633225
1.734,0.204199203
1.735,0.226003201
1.736,0.092984285
1.737,0.294056583
1.738,0.095329266
1.739,0.243552345
1.74,0.254877321
1.741,0.056344753
1.742,0.094923696
1.743,0.042214419
1.744,-0.073642087
1.745,0.100709778
1.746,0.009119125
1.747,0.103196314
1.748,0.032115534
1.749,-0.127999695
1.75,-0.084276435
1.751,0.025739585
1.752,-0.085292438
1.753,0.070099054
1.754,-0.013570428
1.755,-0.014264212
1.756,0.072165903
1.757,-0.050960468
1.758,-0.209781825
1.759,-0.108049924
1.76,-0.214485374
1.761,-0.172834103
1.762,-0.260061613
1.763,-0.089553349
1.764,-0.026176547
1.765,-0.103778424
1.766,-0.221035778
1.767,-0.298798243
1.768,-0.246226411
1.769,-0.11099148
1.77,-0.319249882
1.771,-0.212725312
1.772,-0.324369579
1.773,-0.152506136
1.774,-0.201828587
1.775,-0.203600172
1.776,-0.290980641
1.777,-0.289142955
1.778,-0.426229759
1.779,-0.319474239
1.78,-0.336263067
1.781,-0.360671152
1.782,-0.446064989
1.783,-0.359992702
1.784,-0.277960658
1.785,-0.476255559
1.786,-0.540848707
1.787,-0.495992618
1.788,-0.472163058
1.789,-0.472331114
1.79,-0.5606334
1.791,-0.412508705
1.792,-0.600474189
1.793,-0.549663397
1.794,-0.507993116
1.795,-0.653850504
1.796,-0.500563289
1.797,-0.441864695
1.798,-0.427098934
1.799,-0.451312398
1.8,-0.705895051
1.801,-0.44825715
1.802,-0.663223092
1.803,-0.483269482
1.804,-0.539527144
1.805,-0.590499208
1.806,-0.650350198
1.807,-0.538731012
1.808,-0.618496473
1.809,-0.727381459
1.81,-0.802855056
1.811,-0.800529556
1.812,-0.711037183
1.813,-0.760782259
1.814,-0.583064506
1.815,-0.617759192
1.816,-0.853376369
1.817,-0.781254997
1.818,-0.72896667
1.819,-0.685433419
1.82,-0.882625608
1.821,-0.827027133
1.822,-0.871557591
1.823,-0.941009625
1.824,-0.902583258
1.825,-0.947980334
1.826,-0.787842128
1.827,-0.85213874
1.828,-0.797001775
1.829,-0.767712418
1.83,-0.897324308
1.831,-0.923881949
1.832,-0.790129906
1.833,-0.803851749
1.834,-0.895635845
1.835,-0.788881486
1.836,-0.979574391
1.837,-0.827338317
1.838,-1.001517589
1.839,-0.792316222
1.84,-1.017461046
1.841,-1.042285346
1.842,-0.820752397
1.843,-0.89598011
1.844,-0.844959435
1.845,-1.010626901
1.846,-0.853601859
1.847,-0.791742156
1.848,-1.058155663
1.849,-1.071439182
1.85,-0.927126375
1.851,-0.954652275
1.852,-1.024661239
1.853,-0.940147104
1.854,-0.874098729
1.855,-0.994129039
1.856,-0.837683049
1.857,-1.093941688
1.858,-0.846566875
1.859,-1.026780796
1.86,-0.904263814
1.861,-0.903787206
1.862,-1.052278321
1.863,-0.989334264
1.864,-1.039284784
1.865,-0.88197339
1.866,-1.0543508
1.867,-1.021837618
1.868,-0.909073763
1.869,-0.973687175
1.87,-1.115464154
1.871,-0.853044363
1.872,-1.128725302
1.873,-1.132633908
1.874,-0.958255534
1.875,-0.90497103
1.876,-0.956434724
1.877,-0.926405634
1.878,-0.857713544
1.879,-1.023627281
1.88,-0.912280936
1.881,-0.941413754
1.882,-0.88859676
1.883,-0.923625742
1.884,-0.953999137
1.885,-0.994852265
1.886,-0.90423088
1.887,-0.898937928
1.888,-0.892214303
1.889,-1.127440621
1.89,-0.962988887
1.891,-1.025590752
1.892,-1.124163223
1.893,-0.981419026
1.894,-0.981680947
1.895,-1.053173498
1.896,-0.929919471
1.897,-0.948553129
1.898,-0.926968033
1.899,-0.964476267
1.9,-0.887026719
1.901,-0.902610636
1.902,-0.830194174
1.903,-1.010526854
1.904,-0.797911042
1.905,-0.898534432
1.906,-0.87981309
1.907,-0.884264787
1.908,-0.920293129
1.909,-0.944337374
1.91,-0.925966035
1.911,-1.004787014
1.912,-1.002445674
1.913,-1.032801077
1.914,-0.858039889
1.915,-0.732926791
1.916,-0.720297542
1.917,-0.942735601
1.918,-0.853892071
1.919,-0.890533009
1.92,-0.723213726
1.921,-0.733959769
1.922,-0.908342819
1.923,-0.945542127
1.924,-0.929324859
1.925,-0.892937192
1.926,-0.946360602
1.927,-0.904925277
1.928,-0.824377587
1.929,-0.739594735
1.93,-0.745077851
1.931,-0.805725618
1.932,-0.773758616
1.933,-0.770885003
1.934,-0.688197617
1.935,-0.696950842
1.936,-0.701377555
1.937,-0.785733037
1.938,-0.688474707
1.939,-0.743507681
1.94,-0.75796261
1.941,-0.684058373
1.942,-0.73953341
1.943,-0.610007761
1.944,-0.562149744
1.945,-0.784326953
1.946,-0.709322726
1.947,-0.588422999
1.948,-0.708680893
1.949,-0.490769763
1.95,-0.647517148
1.951,-0.685932253
1.952,-0.575706128
1.953,-0.475353991
1.954,-0.441075759
1.955,-0.403082018
1.956,-0.54139266
1.957,-0.458155931
1.958,-0.480532658
1.959,-0.344873428
1.96,-0.369956414
1.961,-0.467886634
1.962,-0.338393009
1.963,-0.483968752
1.964,-0.310631734
1.965,-0.289271582
1.966,-0.356967225
1.967,-0.378169798
1.968,-0.520653462
1.969,-0.390969582
1.97,-0.337089461
1.971,-0.444598037
1.972,-0.229899762
1.973,-0.443847709
1.974,-0.293535143
1.975,-0.414941514
1.976,-0.22858953
1.977,-0.161081351
1.978,-0.201844344
1.979,-0.410045082
1.98,-0.26085522
1.981,-0.348201238
1.982,-0.115823278
1.983,-0.114842355
1.984,-0.269849703
1.985,-0.279587114
1.986,-0.081603798
1.987,-0.163374023
1.988,-0.269145538
1.989,-0.11551714
1.99,-0.0931814
1.991,-0.005129874
1.992,-0.129706996
1.993,-0.021676505
1.994,-0.076305449
1.995,-0.12091532
1.996,-0.079582793
1.997,-0.009574295
1.998,0.079930569
1.999,-0.127987273
2,-0.096792208
2.001,0.051950486
2.002,0.101330084
2.003,0.118433706
2.004,0.055186696
2.005,0.02615154
2.006,-0.03970283
2.007,0.008022158
2.008,0.1869232
2.009,0.135693067
2.01,0.153258221
2.011,0.141274021
2.012,0.177702223
2.013,0.268475111
2.014,0.303099851
2.015,0.311511699
2.016,0.082946232
2.017,0.216303802
2.018,0.343194933
2.019,0.094278586
2.02,0.304732699
2.021,0.265466871
2.022,0.178232408
2.023,0.291510269
2.024,0.165125026
2.025,0.3666168
2.026,0.335808722
2.027,0.278135518
2.028,0.381584877
2.029,0.329597818
2.03,0.431092022
2.031,0.241937601
2.032,0.250074821
2.033,0.429266673
2.034,0.320243087
2.035,0.387051881
2.036,0.36530397
2.037,0.47723395
2.038,0.484168341
2.039,0.39161079
2.04,0.46100938
2.041,0.54299817
2.042,0.471166903
2.043,0.478105481
2.044,0.601670776
2.045,0.671320674
2.046,0.493802304
2.047,0.642120626
2.048,0.600177262
2.049,0.469978048
2.05,0.60860018
2.051,0.489715152
2.052,0.638938196
2.053,0.688025303
2.054,0.487700777
2.055,0.721462706
2.056,0.747680668
2.057,0.631659628
2.058,0.714941848
2.059,0.696946875
2.06,0.713305418
2.061,0.722509107
2.062,0.808297213
2.063,0.574665919
2.064,0.624744675
2.065,0.579723767
2.066,0.689841438
2.067,0.704030797
2.068,0.696067822
2.069,0.898449056
2.07,0.728246636
2.071,0.897960577
2.072,0.76757944
2.073,0.846005892
2.074,0.922028515
2.075,0.797277188
2.076,0.711495065
2.077,0.783927259
2.078,0.915133111
2.079,0.756103614
2.08,0.907661835
2.081,0.943196223
2.082,0.976377309
2.083,0.753628303
2.084,0.898451932
2.085,0.837393759
2.086,0.938281109
2.087,0.971161035
2.088,0.945942204
2.089,1.049107884
2.09,0.995806638
2.091,0.843016456
2.092,0.947949371
2.093,0.94614413
2.094,1.047869675
2.095,0.860783688
2.096,0.877225303
2.097,1.039469839
2.098,0.903068087
2.099,0.953316623
2.1,0.993477368
2.101,0.861739372
2.102,0.925596166
2.103,0.878343797
2.104,1.00947944
2.105,0.94776305
2.106,1.006566119
2.107,0.895799349
2.108,0.907695044
2.109,1.106921288
2.11,0.910953377
2.111,1.043022746
2.112,0.883099397
2.113,1.055256287
2.114,1.018736321
2.115,0.882174814
2.116,1.035446341
2.117,1.026722297
2.118,0.849014735
2.119,1.088824972
2.12,1.022773215
2.121,1.007731692
2.122,1.010457605
2.123,1.081681625
2.124,1.083383331
2.125,1.078299193
2.126,1.112803591
2.127,0.975750922
2.128,0.894434653
2.129,0.894514493
2.13,1.066617364
2.131,0.989325429
2.132,1.012522497
2.133,1.090713433
2.134,1.124214581
2.135,0.94122689
2.136,1.108989938
2.137,1.076916709
2.138,1.072536239
2.139,0.899875062
2.14,1.127471472
2.141,0.991635517
2.142,0.905245337
2.143,1.103785009
2.144,1.01963225
2.145,0.865866423
2.146,0.967598527
2.147,0.859305426
2.148,1.042580192
2.149,0.925908391
2.15,1.072886132
2.151,0.996896227
2.152,0.878537514
2.153,0.948312507
2.154,0.863923996
2.155,1.000357078
2.156,0.945981686
2.157,0.995141104
2.158,0.835512812
2.159,1.000410027
2.16,0.85975568
2.161,0.767931624
2.162,0.961885962
2.163,0.882889697
2.164,0.916753919
2.165,0.934048872
2.166,0.780841021
2.167,0.762300011
2.168,0.973883747
2.169,0.987978355
2.17,0.822713106
2.171,0.909897606
2.172,0.938697925
2.173,0.884302176
2.174,0.693042414
2.175,0.934260703
2.176,0.828578245
2.177,0.926226544
2.178,0.823860056
2.179,0.918519706
2.18,0.863404206
2.181,0.912173354
2.182,0.672401266
2.183,0.796730294
2.184,0.704801403
2.185,0.820772833
2.186,0.837394398
2.187,0.564660739
2.188,0.619683979
2.189,0.693986692
2.19,0.660533091
2.191,0.714470728
2.192,0.731701969
2.193,0.570526968
2.194,0.580884603
2.195,0.631553069
2.196,0.59589288
2.197,0.70388962
2.198,0.739905788
2.199,0.559825101
2.2,0.698686505
2.201,0.707150271
2.202,0.511448229
2.203,0.517896653
2.204,0.422673609
2.205,0.556303256
2.206,0.576715155
2.207,0.40432292
2.208,0.395810101
2.209,0.491419157
2.21,0.420509435
2.211,0.364703616
2.212,0.391714014
2.213,0.451734704
2.214,0.458454838
2.215,0.486733727
2.216,0.459033909
2.217,0.494354952
2.218,0.316945682
2.219,0.348057126
2.22,0.412819739
2.221,0.235093919
2.222,0.372383565
2.223,0.428287047
2.224,0.464957011
2.225,0.381814152
2.226,0.212643273
2.227,0.156477808
2.228,0.230550686
2.229,0.172671226
2.23,0.100476013
2.231,0.21435145
2.232,0.077215412
2.233,0.106094476
2.234,0.267748939
2.235,0.080454175
2.236,0.268395295
2.237,0.161564667
2.238,0.021079324
2.239,0.079645299
2.24,-0.019660325
2.241,0.20519852
2.242,0.163831796
2.243,0.219213599
2.244,0.189225841
2.245,0.059113007
2.246,0.061530226
2.247,-0.017473286
2.248,0.164654248
2.249,0.045690153
2.25,-0.03927271
2.251,-0.000921439
2.252,0.074274899
2.253,-0.053794814
2.254,-0.094085071
2.255,-0.036490228
2.256,-0.123245606
2.257,0.029916559
2.258,-0.112998291
2.259,-0.114126732
2.26,-0.118368283
2.261,-0.108919579
2.262,-0.0379585
2.263,-0.027329618
2.264,-0.319621451
2.265,-0.240004609
2.266,-0.279362104
2.267,-0.209537129
2.268,-0.229633909
2.269,-0.278363503
2.27,-0.341050235
2.271,-0.26124095
2.272,-0.33512897
2.273,-0.170472684
2.274,-0.267957406
2.275,-0.249152775
2.276,-0.34186512
2.277,-0.254629846
2.278,-0.374774891
2.279,-0.303038373
2.28,-0.221865704
2.281,-0.367509351
2.282,-0.286616551
2.283,-0.30662732
2.284,-0.458868353
2.285,-0.56704061
2.286,-0.36889399
2.287,-0.558816881
2.288,-0.458147116
2.289,-0.383508575
2.29,-0.453486603
2.291,-0.58010414
2.292,-0.406215644
2.293,-0.510857736
2.294,-0.657972607
2.295,-0.518097986
2.296,-0.685968877
2.297,-0.411006585
2.298,-0.668573242
2.299,-0.544536343
2.3,-0.597071525
2.301,-0.466070218
2.302,-0.713331471
2.303,-0.767824559
2.304,-0.679773436
2.305,-0.522066646
2.306,-0.747639988
2.307,-0.663219392
2.308,-0.65494526
2.309,-0.657674423
2.31,-0.636298503
2.311,-0.826709056
2.312,-0.800979669
2.313,-0.716555842
2.314,-0.82752203
2.315,-0.7273864
2.316,-0.599034999
2.317,-0.872078042
2.318,-0.795085644
2.319,-0.620679985
2.32,-0.888864364
2.321,-0.83732108
2.322,-0.821064574
2.323,-0.656059156
2.324,-0.9060131
2.325,-0.673138129
2.326,-0.704920182
2.327,-0.84353455
2.328,-0.742781928
2.329,-0.783152754
2.33,-0.873057938
2.331,-0.935790827
2.332,-0.731902916
2.333,-1.00106974
2.334,-0.93420846
2.335,-0.833801921
2.336,-0.826415655
2.337,-0.766773702
2.338,-0.882383638
2.339,-0.81249259
2.34,-0.98260898
2.341,-0.941552683
2.342,-0.99717003
2.343,-0.859726188
2.344,-1.003858845
2.345,-0.784743117
2.346,-1.010106574
2.347,-0.90027174
2.348,-0.92425947
2.349,-1.024737619
2.35,-0.902300022
2.351,-0.948245131
2.352,-0.8886685
2.353,-1.020217708
2.354,-0.948573567
2.355,-1.089879836
2.356,-1.065050176
2.357,-0.88751618
2.358,-0.847590736
2.359,-0.957589692
2.36,-0.858301249
2.361,-1.086891708
2.362,-1.116204525
2.363,-1.04111081
2.364,-0.847905371
2.365,-1.055185271
2.366,-1.028529594
2.367,-0.923553956
2.368,-1.071977168
2.369,-0.903469579
2.37,-1.105940222
2.371,-0.880155398
2.372,-1.116960425
2.373,-0.911418886
2.374,-0.856689193
2.375,-1.093301461
2.376,-0.941515946
2.377,-1.015603651
2.378,-0.996327346
2.379,-1.14315387
2.38,-1.076594035
2.381,-1.055806459
2.382,-0.88141042
2.383,-1.004835643
2.384,-0.88091547
2.385,-0.866606964
2.386,-0.956368786
2.387,-1.077487867
2.388,-0.850375687
2.389,-1.108656852
2.39,-1.086038621
2.391,-1.04769842
2.392,-0.916724317
2.393,-1.03477124
2.394,-1.098804315
2.395,-1.065860066
2.396,-1.036212619
2.397,-0.994976072
2.398,-1.082163898
2.399,-0.918048169
2.4,-0.831132708
2.401,-1.009833924
2.402,-1.056961505
2.403,-0.822393035
2.404,-1.054701154
2.405,-0.930610786
2.406,-0.854375685
2.407,-0.879943403
2.408,-0.883343532
2.409,-1.035700485
2.41,-0.809485131
2.411,-0.813540116
2.412,-0.945056518
2.413,-0.872286008
2.414,-0.825947105
2.415,-0.962152432
2.416,-1.00381731
2.417,-0.799872454
2.418,-0.85251132
2.419,-0.941360736
2.42,-0.828938728
2.421,-0.698981798
2.422,-0.729442957
2.423,-0.767721612
2.424,-0.748793784
2.425,-0.796950281
2.426,-0.795965083
2.427,-0.833067582
2.428,-0.747960297
2.429,-0.88287656
2.43,-0.910542905
2.431,-0.856107924
2.432,-0.852013347
2.433,-0.800722662
2.434,-0.648416786
2.435,-0.793066814
2.436,-0.70754487
2.437,-0.842803369
2.438,-0.72801249
2.439,-0.560332507
2.44,-0.755674944
2.441,-0.614485312
2.442,-0.776927844
2.443,-0.702268584
2.444,-0.533476104
2.445,-0.517097584
2.446,-0.701541014
2.447,-0.602892713
2.448,-0.476392928
2.449,-0.460828051
2.45,-0.623870425
2.451,-0.580792292
2.452,-0.636187416
2.453,-0.671714582
2.454,-0.59975206
2.455,-0.665380426
2.456,-0.446812073
2.457,-0.562820609
2.458,-0.490610854
2.459,-0.576677257
2.46,-0.460878849
2.461,-0.352318623
2.462,-0.324843685
2.463,-0.461945676
2.464,-0.327362936
2.465,-0.483461368
2.466,-0.328272069
2.467,-0.315437278
2.468,-0.418878984
2.469,-0.386517418
2.47,-0.478202395
2.471,-0.223659807
2.472,-0.486676589
2.473,-0.278974957
2.474,-0.246558845
2.475,-0.161285686
2.476,-0.328105223
2.477,-0.156515502
2.478,-0.379540504
2.479,-0.305140553
2.48,-0.115799943
2.481,-0.38098867
2.482,-0.332892977
2.483,-0.264215085
2.484,-0.049810285
2.485,-0.046767913
2.486,-0.150885653
2.487,-0.178056403
2.488,-0.078847097
2.489,-0.062418116
2.49,-0.050997264
2.491,0.02143769
2.492,-0.099228158
2.493,-0.004897844
2.494,-0.11615664
2.495,-0.159351722
2.496,0.091816944
2.497,-0.078387491
2.498,-0.135182751
2.499,0.01692138
2.5,-0.094572635
2.501,0.073939149
2.502,-0.010806328
2.503,0.018723241
2.504,0.180827008
2.505,0.165769548
2.506,0.094003043
2.507,0.151622664
2.508,0.216481845
2.509,-0.027295702
2.51,0.272013959
2.511,-0.010588958
2.512,0.246331502
2.513,0.167571211
2.514,0.315511096
2.515,0.111173448
2.516,0.341549107
2.517,0.329260693
2.518,0.28046614
2.519,0.171176217
2.52,0.217581121
2.521,0.216793996
2.522,0.26737546
2.523,0.378524604
2.524,0.245096061
2.525,0.265346485
2.526,0.323509103
2.527,0.225294082
2.528,0.401661473
2.529,0.392224216
2.53,0.287096269
2.531,0.43707267
2.532,0.419089549
2.533,0.266490342
2.534,0.524218555
2.535,0.522792771
2.536,0.43843232
2.537,0.59373297
2.538,0.414966655
2.539,0.584656285
2.54,0.390741741
2.541,0.353303217
2.542,0.440469462
2.543,0.368997245
2.544,0.438810169
2.545,0.399308415
2.546,0.601600794
2.547,0.623574838
2.548,0.630041618
2.549,0.455792188
2.55,0.586946496
2.551,0.705794393
2.552,0.600946596
2.553,0.624231527
2.554,0.497632783
2.555,0.725615058
2.556,0.617416055
2.557,0.790628801
2.558,0.546546918
2.559,0.747697371
2.56,0.832999017
2.561,0.579969466
2.562,0.562863836
2.563,0.710288213
2.564,0.637034295
2.565,0.691467065
2.566,0.626359785
2.567,0.666838938
2.568,0.713061309
2.569,0.791168501
2.57,0.850607329
2.571,0.882326261
2.572,0.658878801
2.573,0.653266353
2.574,0.884743088
2.575,0.780778712
2.576,0.943190307
2.577,0.739056882
2.578,0.851490804
2.579,0.952755096
2.58,0.854884903
2.581,0.990919531
2.582,0.794497471
2.583,0.800260676
2.584,0.956520577
2.585,0.926830976
2.586,0.825381198
2.587,0.95440091
2.588,0.861195219
2.589,1.029770131
2.59,0.999543611
2.591,0.861418542
2.592,0.987417006
2.593,1.002466032
2.594,0.933261399
2.595,0.880474729
2.596,0.793227694
2.597,0.922245413
2.598,1.020047872
2.599,0.814446818
2.6,0.961373616
2.601,0.847533744
2.602,0.912498374
2.603,1.029973877
2.604,0.955280853
2.605,1.08129337
2.606,1.058774822
2.607,1.046841219
2.608,1.067408514
2.609,1.084969168
2.61,0.994337252
2.611,1.059268649
2.612,1.024354247
2.613,1.084823326
2.614,0.870879574
2.615,1.065092441
2.616,0.892133142
2.617,0.870931099
2.618,0.878192353
2.619,1.086353242
2.62,0.865446294
2.621,1.10314502
2.622,0.965417765
2.623,0.91667936
2.624,1.020923498
2.625,1.046451472
2.626,0.940964498
2.627,1.141714223
2.628,0.913443591
2.629,1.113698716
2.63,0.977842232
2.631,0.930369149
2.632,0.868637554
2.633,0.963531735
2.634,0.939690498
2.635,0.959916507
2.636,1.111599221
2.637,0.883396256
2.638,1.001792905
2.639,0.918399435
2.64,0.974899769
2.641,1.010984647
2.642,0.927541349
2.643,1.014394561
2.644,0.981428075
2.645,0.998263062
2.646,0.968573912
2.647,1.059769328
2.648,0.992771151
2.649,1.081561642
2.65,0.950841081
2.651,1.035884701
2.652,0.938388085
2.653,0.866064231
2.654,0.891032531
2.655,0.801775584
2.656,0.959681163
2.657,1.04865124
2.658,0.912381621
2.659,0.944406345
2.66,1.040324779
2.661,1.026562568
2.662,0.96323375
2.663,0.855503353
2.664,0.892878655
2.665,0.974055015
2.666,0.909858888
2.667,1.012652547
2.668,0.781991453
2.669,0.937788582
2.67,0.827346145
2.671,0.710686182
2.672,0.73709245
2.673,0.681073604
2.674,0.787343193
2.675,0.70179188
2.676,0.786208592
2.677,0.931496793
2.678,0.918245316
2.679,0.721497334
2.68,0.862707932
2.681,0.909464911
2.682,0.657189529
2.683,0.690487985
2.684,0.634357239
2.685,0.685955871
2.686,0.623876696
2.687,0.692176545
2.688,0.648103471
2.689,0.633948611
2.69,0.64518061
2.691,0.525948902
2.692,0.559746883
2.693,0.552259819
2.694,0.700318597
2.695,0.565898669
2.696,0.740355604
2.697,0.479615544
2.698,0.735139717
2.699,0.535722877
2.7,0.450777074
2.701,0.725748507
2.702,0.62893656
2.703,0.52495419
2.704,0.532832222
2.705,0.636166223
2.706,0.437349098
2.707,0.629263749
2.708,0.409783541
2.709,0.615808631
2.71,0.506847533
2.711,0.54558613
2.712,0.532705829
2.713,0.41315819
2.714,0.316221856
2.715,0.362637255
2.716,0.354022374
2.717,0.275921214
2.718,0.338309872
2.719,0.449547702
2.72,0.261745961
2.721,0.236273908
2.722,0.263162489
2.723,0.218807828
2.724,0.415195257
2.725,0.425837887
2.726,0.316142519
2.727,0.220921506
2.728,0.198921313
2.729,0.364487161
2.73,0.327033428
2.731,0.243931576
2.732,0.110940309
2.733,0.197168048
2.734,0.183476543
2.735,0.046983493
2.736,0.194107195
2.737,0.236259481
2.738,0.217747331
2.739,0.136603609
2.74,0.204009414
2.741,-0.007694883
2.742,-0.016727385
2.743,0.216754355
2.744,0.068847301
2.745,-0.066347827
2.746,0.005203266
2.747,0.001075434
2.748,0.0734016
2.749,0.14197991
2.75,-0.087278303
2.751,-0.088371274
2.752,-0.066931134
2.753,-0.151730774
2.754,-0.02373732
2.755,-0.088334661
2.756,-0.134503282
2.757,-0.176109092
2.758,-0.002583909
2.759,-0.137093975
2.76,-0.235338261
2.761,-0.141738037
2.762,-0.228510112
2.763,-0.224403134
2.764,-0.247963359
2.765,-0.268923094
2.766,-0.078899998
2.767,-0.136008171
2.768,-0.089094994
2.769,-0.31792196
2.77,-0.372160258
2.771,-0.346089214
2.772,-0.181743029
2.773,-0.430866362
2.774,-0.148917186
2.775,-0.41932867
2.776,-0.240006874
2.777,-0.478550756
2.778,-0.217894315
2.779,-0.451735895
2.78,-0.365510703
2.781,-0.436690587
2.782,-0.355562785
2.783,-0.332906279
2.784,-0.40256227
2.785,-0.417713513
2.786,-0.374020627
2.787,-0.321147689
2.788,-0.466442672
2.789,-0.505169663
2.79,-0.450054539
2.791,-0.384230373
2.792,-0.453286324
2.793,-0.607734525
2.794,-0.381493939
2.795,-0.467395871
2.796,-0.608565264
2.797,-0.693901296
2.798,-0.71548711
2.799,-0.65026275
2.8,-0.538815109
2.801,-0.625704752
2.802,-0.743567965
2.803,-0.725623284
2.804,-0.613870509
2.805,-0.768289184
2.806,-0.579469017
2.807,-0.665441075
2.808,-0.60614653
2.809,-0.640154068
2.81,-0.574379924
2.811,-0.626592235
2.812,-0.637226426
2.813,-0.721727988
2.814,-0.647406013
2.815,-0.604466677
2.816,-0.733929482
2.817,-0.785704852
2.818,-0.871671512
2.819,-0.791619336
2.82,-0.854323179
2.821,-0.919767878
2.822,-0.887485766
2.823,-0.750500515
2.824,-0.862401743
2.825,-0.719956097
2.826,-0.852255371
2.827,-0.688610704
2.828,-0.862133121
2.829,-0.749743072
2.83,-0.918157362
2.831,-0.797359342
2.832,-0.808955884
2.833,-0.928423912
2.834,-0.988583375
2.835,-0.853287719
2.836,-0.856093179
2.837,-0.815277401
2.838,-0.757438327
2.839,-0.870741522
2.84,-0.96768966
2.841,-0.810177549
2.842,-0.942174332
2.843,-1.043055805
2.844,-0.83255222
2.845,-0.953134262
2.846,-0.817615031
2.847,-0.926595332
2.848,-0.820592496
2.849,-0.959987783
2.85,-1.030990099
2.851,-0.958016895
2.852,-0.936324874
2.853,-0.962103215
2.854,-1.051059678
2.855,-1.106257339
2.856,-0.999970323
2.857,-1.047758463
2.858,-1.075010861
2.859,-0.963182992
2.86,-1.063996496
2.861,-0.849083521
2.862,-0.906559937
2.863,-1.112341791
2.864,-0.843788056
2.865,-0.972896268
2.866,-0.971843548
2.867,-0.997700161
2.868,-0.950495571
2.869,-0.906829004
2.87,-1.084579478
2.871,-1.044948086
2.872,-1.087790588
2.873,-0.895083952
2.874,-1.007129302
2.875,-0.852163849
2.876,-0.949186009
2.877,-0.940091194
2.878,-1.139381425
2.879,-0.935011449
2.88,-1.014382684
2.881,-0.944860912
2.882,-1.142676049
2.883,-1.071477649
2.884,-1.048397183
2.885,-1.035336817
2.886,-0.938409967
2.887,-1.131457681
2.888,-0.874454037
2.889,-1.069014487
2.89,-0.997227835
2.891,-1.103646285
2.892,-0.992958021
2.893,-0.88825522
2.894,-1.100455312
2.895,-1.108844774
2.896,-0.957651652
2.897,-1.061272674
2.898,-1.092710623
2.899,-0.893633827
2.9,-0.84565243
2.901,-0.823061072
2.902,-1.005610669
2.903,-0.789607391
2.904,-0.889950787
2.905,-0.83054844
2.906,-0.813159968
2.907,-1.039104936
2.908,-0.830262425
2.909,-0.823008774
2.91,-0.797921464
2.911,-0.820808233
2.912,-0.983600405
2.913,-0.795162439
2.914,-1.003503744
2.915,-0.965706726
2.916,-0.799866612
2.917,-0.792243473
2.918,-0.813240693
2.919,-0.728030606
2.92,-0.763737901
2.921,-0.805874894
2.922,-0.833685964
2.923,-0.887508626
2.924,-0.752469447
2.925,-0.950205906
2.926,-0.851837082
2.927,-0.748071575
2.928,-0.818956667
2.929,-0.875510061
2.93,-0.760401418
2.931,-0.642966603
2.932,-0.899279108
2.933,-0.626831135
2.934,-0.643116094
2.935,-0.731685012
2.936,-0.808466969
2.937,-0.742034966
2.938,-0.571055604
2.939,-0.789097428
2.94,-0.800153587
2.941,-0.821613824
2.942,-0.610154955
2.943,-0.513588568
2.944,-0.670269269
2.945,-0.785632283
2.946,-0.610323462
2.947,-0.626086097
2.948,-0.529670947
2.949,-0.741925565
2.95,-0.652163696
2.951,-0.658168391
2.952,-0.445629892
2.953,-0.53423149
2.954,-0.647314222
2.955,-0.455841155
2.956,-0.47364712
2.957,-0.484873495
2.958,-0.459534295
2.959,-0.49555499
2.96,-0.449151361
2.961,-0.598648885
2.962,-0.516922336
2.963,-0.567728264
2.964,-0.433448817
2.965,-0.443391382
2.966,-0.437234106
2.967,-0.25350289
2.968,-0.4339276
2.969,-0.259133568
2.97,-0.318678799
2.971,-0.348575534
2.972,-0.458505375
2.973,-0.447876278
2.974,-0.198985172
2.975,-0.188155299
2.976,-0.337422609
2.977,-0.361798203
2.978,-0.313949344
2.979,-0.110917141
2.98,-0.331500911
2.981,-0.136051129
2.982,-0.182207116
2.983,-0.089270195
2.984,-0.244559009
2.985,-0.110577381
2.986,-0.24654143
2.987,-0.295924016
2.988,-0.157465571
2.989,-0.2465003
2.99,-0.219723695
2.991,-0.173396136
2.992,-0.184555177
2.993,-0.0429483
2.994,-0.224751879
2.995,-0.200668539
2.996,-0.149232725
2.997,-0.005184923
2.998,-0.01575047
2.999,0.095325886
3,0.142420946
3.001,0.093594746
3.002,0.159940853
3.003,0.103452698
3.004,0.191069102
3.005,0.078940738
3.006,-0.028774167
3.007,-0.048060723
3.008,-0.026323734
3.009,0.077628132
3.01,0.08530168
3.011,0.02010015
3.012,0.211851395
3.013,0.039316221
3.014,0.320522218
3.015,0.037736709
3.016,0.183709796
3.017,0.283278176
3.018,0.355836461
3.019,0.234419233
3.02,0.17797262
3.021,0.364201727
3.022,0.23477706
3.023,0.321371504
3.024,0.323787438
3.025,0.208536862
3.026,0.21500704
3.027,0.229204401
3.028,0.315848688
3.029,0.445853633
3.03,0.42883762
3.031,0.313329781
3.032,0.309009187
3.033,0.379226035
3.034,0.56320611
3.035,0.382065268
3.036,0.38410173
3.037,0.306689106
3.038,0.348066867
3.039,0.556903268
3.04,0.489220251
3.041,0.469668755
3.042,0.588544454
3.043,0.535844173
3.044,0.460312459
3.045,0.484271333
3.046,0.404973252
3.047,0.51632969
3.048,0.667364431
3.049,0.610468278
3.05,0.456796601
3.051,0.597417497
3.052,0.539858839
3.053,0.569083887
3.054,0.603974676
3.055,0.564002988
3.056,0.602979086
3.057,0.700394257
3.058,0.542420137
3.059,0.636805529
3.06,0.626023331
3.061,0.818620389
3.062,0.552981146
3.063,0.764875046
3.064,0.857910593
3.065,0.694508998
3.066,0.857646498
3.067,0.842517528
3.068,0.886581907
3.069,0.669713398
3.07,0.852047157
3.071,0.648939268
3.072,0.866034173
3.073,0.910548842
3.074,0.816104309
3.075,0.863793075
3.076,0.707940229
3.077,0.842430137
3.078,0.896866857
3.079,0.773593407
3.08,0.855316762
3.081,0.704566147
3.082,0.948740116
3.083,0.922947692
3.084,0.720334956
3.085,0.969001638
3.086,0.971303491
3.087,0.813774447
3.088,0.77232646
3.089,0.772376781
3.09,1.034160405
3.091,0.928256623
3.092,0.965834237
3.093,0.861419053
3.094,0.905897118
3.095,0.917037844
3.096,0.852793633
3.097,0.954389645
3.098,0.855053398
3.099,0.853149159
3.1,1.088415868
3.101,0.975151664
3.102,1.058526487
3.103,0.886849844
3.104,1.081574153
3.105,1.113762987
3.106,1.083907803
3.107,1.085087718
3.108,0.900572328
3.109,1.011970827
3.11,1.044005892
3.111,1.054472352
3.112,0.982016388
3.113,0.933408059
3.114,0.929342463
3.115,0.955125617
3.116,1.114813264
3.117,1.052728348
3.118,0.970237129
3.119,0.995507636
3.12,0.90071779
3.121,1.116944752
3.122,1.139275455
3.123,0.871633438
3.124,1.034599144
3.125,1.039857058
3.126,0.990790851
3.127,1.144360785
3.128,1.030035327
3.129,1.147564152
3.13,1.109412497
3.131,0.913088071
3.132,1.115844212
3.133,1.015318713
3.134,0.897143421
3.135,1.050130698
3.136,1.041826761
3.137,1.031178741
3.138,1.056182826
3.139,1.096573367
3.14,0.928959191
3.141,1.077759607
3.142,0.895392642
3.143,0.866481011
3.144,1.002814425
3.145,1.106155206
3.146,0.97303711
3.147,0.88445108
3.148,1.034608173
3.149,0.947726859
3.15,0.868590955
3.151,1.037518122
3.152,0.895508568
3.153,0.942600034
3.154,0.878486201
3.155,1.051698651
3.156,0.816511774
3.157,0.948046219
3.158,0.928206062
3.159,1.015157444
3.16,0.926755115
3.161,1.043127732
3.162,0.809685545
3.163,0.848144331
3.164,0.733806303
3.165,0.983453222
3.166,0.815780145
3.167,0.936187562
3.168,1.006798517
3.169,0.725350792
3.17,0.746876277
3.171,0.985249971
3.172,0.756730328
3.173,0.796426043
3.174,0.937527244
3.175,0.948750607
3.176,0.687282109
3.177,0.836267471
3.178,0.809701388
3.179,0.767222714
3.18,0.683748934
3.181,0.844441329
3.182,0.712038912
3.183,0.879688563
3.184,0.714916019
3.185,0.830609783
3.186,0.584318328
3.187,0.829337453
3.188,0.691069257
3.189,0.832355279
3.19,0.650001223
3.191,0.688196743
3.192,0.734468988
3.193,0.641527235
3.194,0.505755099
3.195,0.714727572
3.196,0.637785742
3.197,0.762803718
3.198,0.596215627
3.199,0.520079378
3.2,0.488583966
3.201,0.429509905
3.202,0.540332389
3.203,0.620386439
3.204,0.594917524
3.205,0.621699715
3.206,0.490037032
3.207,0.634279746
3.208,0.643059753
3.209,0.504747019
3.21,0.63146309
3.211,0.602450717
3.212,0.408777661
3.213,0.590043256
3.214,0.549199185
3.215,0.330430201
3.216,0.539154426
3.217,0.43886392
3.218,0.342031048
3.219,0.244689651
3.22,0.369433942
3.221,0.43002458
3.222,0.31028955
3.223,0.471172995
3.224,0.277599218
3.225,0.327898546
3.226,0.44300048
3.227,0.345308068
3.228,0.40278549
3.229,0.167853317
3.23,0.206661429
3.231,0.332538368
3.232,0.33343982
3.233,0.174946439
3.234,0.321320479
3.235,0.145540573
3.236,0.092300998
3.237,0.022237247
3.238,0.175549984
3.239,0.14370239
3.24,-0.015404778
3.241,0.234749171
3.242,0.125148648
3.243,0.187601314
3.244,0.067264117
3.245,0.161454843
3.246,-0.046210558
3.247,0.186305585
3.248,0.163312601
3.249,-0.097001587
3.25,0.085382343
3.251,-0.087615511
3.252,-0.026425463
3.253,-0.023257303
3.254,0.099688383
3.255,0.015127319
3.256,-0.085007695
3.257,-0.030020479
3.258,-0.174472189
3.259,0.004704949
3.26,-0.212729699
3.261,-0.280980646
3.262,-0.211098145
3.263,-0.297692149
3.264,-0.130732704
3.265,-0.259870469
3.266,-0.301986113
3.267,-0.355327768
3.268,-0.302298832
3.269,-0.253804245
3.27,-0.104664137
3.271,-0.301047637
3.272,-0.180393878
3.273,-0.370788035
3.274,-0.185453588
3.275,-0.308948387
3.276,-0.414388974
3.277,-0.310561205
3.278,-0.350324367
3.279,-0.3197652
3.28,-0.238607526
3.281,-0.311346679
3.282,-0.399822113
3.283,-0.410697229
3.284,-0.496156427
3.285,-0.573202696
3.286,-0.538083835
3.287,-0.445502694
3.288,-0.336942964
3.289,-0.605066556
3.29,-0.594359785
3.291,-0.627209027
3.292,-0.600325223
3.293,-0.410753677
3.294,-0.531927045
3.295,-0.552610915
3.296,-0.560442404
3.297,-0.629073844
3.298,-0.568636416
3.299,-0.616507172
3.3,-0.503635125
3.301,-0.537451318
3.302,-0.707736078
3.303,-0.616114567
3.304,-0.646720368
3.305,-0.743235106
3.306,-0.543380555
3.307,-0.649766063
3.308,-0.543503887
3.309,-0.606957564
3.31,-0.626815601
3.311,-0.58183063
3.312,-0.584880559
3.313,-0.605573448
3.314,-0.824669011
3.315,-0.694175481
3.316,-0.750866026
3.317,-0.738961997
3.318,-0.657295808
3.319,-0.872656186
3.32,-0.67433754
3.321,-0.859789986
3.322,-0.855614843
3.323,-0.891555467
3.324,-0.742644781
3.325,-0.884897257
3.326,-0.694104153
3.327,-0.763494153
3.328,-0.939595651
3.329,-0.841592153
3.33,-0.784381585
3.331,-0.874345696
3.332,-0.963837243
3.333,-0.950510523
3.334,-0.861993101
3.335,-0.884387291
3.336,-0.819554516
3.337,-0.894477251
3.338,-0.973770366
3.339,-1.015873914
3.34,-0.97881353
3.341,-0.873672975
3.342,-0.968982551
3.343,-1.023751743
3.344,-0.890253156
3.345,-0.894272752
3.346,-1.049006891
3.347,-0.811563711
3.348,-0.858428982
3.349,-0.867031658
3.35,-1.088293569
3.351,-0.82010802
3.352,-1.068606695
3.353,-1.023645445
3.354,-1.073254996
3.355,-1.078203558
3.356,-0.97197379
3.357,-1.089428564
3.358,-0.965383777
3.359,-0.871972924
3.36,-1.067510026
3.361,-1.043135471
3.362,-1.127713728
3.363,-1.050148861
3.364,-0.98849017
3.365,-1.141737093
3.366,-1.04169762
3.367,-1.07552779
3.368,-0.885563851
3.369,-0.995350844
3.37,-1.148007822
3.371,-0.893820126
3.372,-1.108456421
3.373,-0.933111954
3.374,-1.076089222
3.375,-1.146341193
3.376,-1.121739283
3.377,-0.944576782
3.378,-0.956873477
3.379,-1.085934445
3.38,-0.995033681
3.381,-1.048961581
3.382,-1.059847548
3.383,-0.859094871
3.384,-1.109381944
3.385,-1.019173676
3.386,-0.934780916
3.387,-1.086570887
3.388,-0.969447882
3.389,-0.967866344
3.39,-0.856551026
3.391,-0.940644563
3.392,-0.891912863
3.393,-0.943933459
3.394,-1.087635231
3.395,-0.912494381
3.396,-0.842643404
3.397,-1.036388283
3.398,-1.063268317
3.399,-0.871508471
3.4,-1.051517213
3.401,-1.040758314
3.402,-0.967062434
3.403,-0.909465509
3.404,-0.984951708
3.405,-0.962141711
3.406,-0.845467886
3.407,-0.936645654
3.408,-1.012458602
3.409,-0.784387934
3.41,-0.994104674
3.411,-0.896509397
3.412,-0.82892841
3.413,-0.925565299
3.414,-1.031062369
3.415,-0.815987923
3.416,-0.929452185
3.417,-0.769744412
3.418,-0.912743803
3.419,-0.995165338
3.42,-0.777432971
3.421,-0.825467515
3.422,-0.735378447
3.423,-0.685313578
3.424,-0.730092005
3.425,-0.939232122
3.426,-0.902328609
3.427,-0.810707817
3.428,-0.689725672
3.429,-0.674324504
3.43,-0.745121464
3.431,-0.799340448
3.432,-0.638928684
3.433,-0.834840667
3.434,-0.664383288
3.435,-0.591239552
3.436,-0.662017638
3.437,-0.677977617
3.438,-0.808239771
3.439,-0.5952521
3.44,-0.612925033
3.441,-0.587433631
3.442,-0.736900291
3.443,-0.712180145
3.444,-0.69526452
3.445,-0.729327432
3.446,-0.604791572
3.447,-0.664210658
3.448,-0.658095849
3.449,-0.679533085
3.45,-0.451149929
3.451,-0.718331668
3.452,-0.417648826
3.453,-0.424006466
3.454,-0.622249553
3.455,-0.665823056
3.456,-0.410845001
3.457,-0.465183338
3.458,-0.604423295
3.459,-0.565477818
3.46,-0.417785144
3.461,-0.596853233
3.462,-0.323847441
3.463,-0.431644613
3.464,-0.452381236
3.465,-0.466601812
3.466,-0.433176255
3.467,-0.310939077
3.468,-0.293099152
3.469,-0.462075216
3.47,-0.41535197
3.471,-0.345207945
3.472,-0.3463263
3.473,-0.357573838
3.474,-0.208241815
3.475,-0.331305939
3.476,-0.331162143
3.477,-0.214939529
3.478,-0.136247463
3.479,-0.398486236
3.48,-0.216400277
3.481,-0.107906196
3.482,-0.3606412
3.483,-0.301442567
3.484,-0.210259868
3.485,-0.093345186
3.486,-0.156609281
3.487,-0.054359434
3.488,-0.062562608
3.489,-0.247119367
3.49,-0.028517117
3.491,0.014769468
3.492,-0.081820908
3.493,-0.130342942
3.494,-0.181451034
3.495,-0.159821538
3.496,0.067743271
3.497,-0.165803766
3.498,0.063765393
3.499,-0.116359689
3.5,-0.009648884
3.501,0.160701132
3.502,-0.115358801
3.503,0.158830042
3.504,-0.013394193
3.505,0.148097595
3.506,0.08488079
3.507,0.146217189
3.508,0.043557069
3.509,0.036604171
3.51,0.09067885
3.511,0.060687821
3.512,0.209057233
3.513,0.227356036
3.514,0.26863361
3.515,0.23778341
3.516,0.258022876
3.517,0.076703821
3.518,0.362619509
3.519,0.309634563
3.52,0.185056663
3.521,0.175207892
3.522,0.321676835
3.523,0.351157426
3.524,0.23703092
3.525,0.400501873
3.526,0.189982248
3.527,0.425680629
3.528,0.490569596
3.529,0.306080318
3.53,0.473509622
3.531,0.502335727
3.532,0.329087398
3.533,0.270308884
3.534,0.515858431
3.535,0.451263353
3.536,0.365120911
3.537,0.300422627
3.538,0.419326887
3.539,0.342065411
3.54,0.384668012
3.541,0.417650379
3.542,0.414497947
3.543,0.455856881
3.544,0.661807036
3.545,0.569385278
3.546,0.464521003
3.547,0.556208157
3.548,0.470504917
3.549,0.467466611
3.55,0.614619259
3.551,0.650480737
3.552,0.594300755
3.553,0.754044337
3.554,0.771026714
3.555,0.502002017
3.556,0.783760975
3.557,0.51986918
3.558,0.604969222
3.559,0.76953331
3.56,0.545364502
3.561,0.630104174
3.562,0.730099288
3.563,0.769058215
3.564,0.600425814
3.565,0.778481097
3.566,0.661539103
3.567,0.686787589
3.568,0.88425331
3.569,0.686026579
3.57,0.880935686
3.571,0.859365655
3.572,0.915812003
3.573,0.931788445
3.574,0.681386083
3.575,0.686246426
3.576,0.84110723
3.577,0.708417244
3.578,0.842479601
3.579,0.777125387
3.58,0.981551408
3.581,0.806037503
3.582,0.930515574
3.583,0.728186937
3.584,0.763494649
3.585,0.728097112
3.586,0.970822056
3.587,0.86225666
3.588,0.889950635
3.589,0.98839524
3.59,0.762690424
3.591,0.988636681
3.592,0.777616776
3.593,1.042672007
3.594,0.891759956
3.595,0.864782439
3.596,0.802472215
3.597,0.960362952
3.598,1.021744999
3.599,0.851461047
3.6,1.08215565
3.601,0.879722748
3.602,0.983680089
3.603,1.1074663
3.604,0.950904476
3.605,0.987487859
3.606,1.102115011
3.607,0.945358586
3.608,1.126979764
3.609,1.016961983
3.61,1.123818127
3.611,1.073796954
3.612,0.998562388
3.613,0.916489025
3.614,0.894992026
3.615,1.024845011
3.616,0.969854367
3.617,1.051411856
3.618,0.977744166
3.619,1.069248218
3.62,1.08557719
3.621,1.128941003
3.622,0.978539654
3.623,1.122036645
3.624,0.926689752
3.625,1.11896907
3.626,1.039756985
3.627,0.857519412
3.628,1.080064619
3.629,0.922552679
3.63,0.904248944
3.631,1.036312286
3.632,0.948647353
3.633,1.083642074
3.634,0.988824732
3.635,1.015806433
3.636,0.942172134
3.637,1.135806026
3.638,0.867443336
3.639,1.006977459
3.64,0.889565536
3.641,1.029182655
3.642,0.876107398
3.643,1.030576534
3.644,1.002499758
3.645,0.933196032
3.646,0.870054457
3.647,1.016713799
3.648,0.897242363
3.649,0.896841259
3.65,0.873495248
3.651,0.983981146
3.652,0.974555703
3.653,0.842414669
3.654,0.927420303
3.655,1.049490456
3.656,0.858757205
3.657,1.000853465
3.658,0.807330449
3.659,0.809063566
3.66,0.838208963
3.661,0.91129948
3.662,0.890164902
3.663,0.927131749
3.664,0.806590135
3.665,0.794688103
3.666,0.775350537
3.667,0.813147341
3.668,0.933830014
3.669,0.830382788
3.67,0.720452505
3.671,0.984289833
3.672,0.931763305
3.673,0.803762818
3.674,0.803981887
3.675,0.889997746
3.676,0.678489049
3.677,0.668597319
3.678,0.663596004
3.679,0.850869356
3.68,0.6398908
3.681,0.666021526
3.682,0.834084988
3.683,0.799654497
3.684,0.788434924
3.685,0.814684211
3.686,0.768597023
3.687,0.804600135
3.688,0.849991978
3.689,0.715036196
3.69,0.727005733
3.691,0.528060183
3.692,0.787703984
3.693,0.656852976
3.694,0.723590511
3.695,0.603899874
3.696,0.627808383
3.697,0.627382721
3.698,0.535518412
3.699,0.63264997
3.7,0.682773009
3.701,0.512416166
3.702,0.713045199
3.703,0.465374956
3.704,0.619751467
3.705,0.677017315
3.706,0.508804132
3.707,0.487367995
3.708,0.45654383
3.709,0.546230036
3.71,0.386928374
3.711,0.527001743
3.712,0.327349518
3.713,0.47741024
3.714,0.424525006
3.715,0.297530978
3.716,0.318183926
3.717,0.323605034
3.718,0.303819212
3.719,0.299243551
3.72,0.408863111
3.721,0.404733027
3.722,0.252497638
3.723,0.210149152
3.724,0.238594453
3.725,0.405182998
3.726,0.382133049
3.727,0.263947467
3.728,0.349820713
3.729,0.14734993
3.73,0.176926604
3.731,0.165645318
3.732,0.147165747
3.733,0.29315049
3.734,0.145284578
3.735,0.123600425
3.736,0.119916526
3.737,0.01861845
3.738,0.002280488
3.739,0.204721201
3.74,0.140969508
3.741,0.001692774
3.742,0.142829369
3.743,0.070038364
3.744,-0.065000677
3.745,-0.041089983
3.746,-0.021680247
3.747,0.131873901
3.748,-0.008248666
3.749,0.105138938
3.75,-0.106873867
3.751,-0.104354044
3.752,-0.167229288
3.753,-0.07036966
3.754,-0.038701881
3.755,0.03241401
3.756,-0.127679162
3.757,-0.210410716
3.758,-0.008826796
3.759,0.035534344
3.76,-0.120506306
3.761,-0.226135519
3.762,-0.180056384
3.763,-0.273172442
3.764,-0.042923464
3.765,-0.214826123
3.766,-0.059255134
3.767,-0.279542094
3.768,-0.292723138
3.769,-0.093093301
3.77,-0.380504578
3.771,-0.378991102
3.772,-0.390070183
3.773,-0.415208101
3.774,-0.295993897
3.775,-0.2119732
3.776,-0.206858927
3.777,-0.439723498
3.778,-0.318374914
3.779,-0.443626935
3.78,-0.420475169
3.781,-0.249670544
3.782,-0.272985651
3.783,-0.39193446
3.784,-0.295210625
3.785,-0.515800816
3.786,-0.580934984
3.787,-0.325098263
3.788,-0.52470697
3.789,-0.613957143
3.79,-0.37131532
3.791,-0.384618887
3.792,-0.65038926
3.793,-0.478624559
3.794,-0.601011413
3.795,-0.392990241
3.796,-0.452245946
3.797,-0.536404005
3.798,-0.41832009
3.799,-0.684164542
3.8,-0.699838328
3.801,-0.658307716
3.802,-0.534950877
3.803,-0.523647694
3.804,-0.639459585
3.805,-0.492734823
3.806,-0.660488701
3.807,-0.547154138
3.808,-0.520957682
3.809,-0.598587397
3.81,-0.656594121
3.811,-0.786824909
3.812,-0.768104528
3.813,-0.724733918
3.814,-0.821055953
3.815,-0.594169227
3.816,-0.687130886
3.817,-0.730419865
3.818,-0.866368558
3.819,-0.804216831
3.82,-0.751608469
3.821,-0.639446717
3.822,-0.89148657
3.823,-0.654999734
3.824,-0.81315106
3.825,-0.659276916
3.826,-0.835194544
3.827,-0.905230711
3.828,-0.885603306
3.829,-0.828072805
3.83,-0.736798522
3.831,-0.927242532
3.832,-0.940887401
3.833,-0.98958981
3.834,-0.837681698
3.835,-0.846964635
3.836,-0.801840093
3.837,-0.888469991
3.838,-0.871034153
3.839,-0.814874767
3.84,-0.800420101
3.841,-0.790170443
3.842,-1.04778594
3.843,-1.0482022
3.844,-0.792891367
3.845,-0.947552987
3.846,-0.899626629
3.847,-0.795078917
3.848,-0.911103995
3.849,-1.016992568
3.85,-0.836743407
3.851,-0.965145641
3.852,-1.073760443
3.853,-0.947206265
3.854,-1.032997523
3.855,-1.028793352
3.856,-1.007197154
3.857,-0.978636536
3.858,-0.986386724
3.859,-1.00373041
3.86,-0.998836432
3.861,-0.916834516
3.862,-0.922443937
3.863,-1.055441774
3.864,-0.876105511
3.865,-1.107113254
3.866,-1.135491865
3.867,-1.012760175
3.868,-0.92790811
3.869,-1.117387146
3.87,-1.000397982
3.871,-1.046686558
3.872,-0.899363217
3.873,-0.935185638
3.874,-0.94609262
3.875,-0.939457809
3.876,-0.916274569
3.877,-1.077784904
3.878,-1.040596443
3.879,-1.057040022
3.88,-0.860213407
3.881,-1.054587928
3.882,-0.932460215
3.883,-1.100170661
3.884,-1.063242389
3.885,-0.998979919
3.886,-0.945619973
3.887,-1.101529769
3.888,-0.839751164
3.889,-0.859429087
3.89,-0.852482031
3.891,-0.969041051
3.892,-1.090172004
3.893,-1.053669734
3.894,-0.960012706
3.895,-0.839839793
3.896,-0.922418962
3.897,-1.031781789
3.898,-0.888521964
3.899,-0.863248321
3.9,-0.89387104
3.901,-0.932702162
3.902,-0.901971858
3.903,-0.834810774
3.904,-0.957074893
3.905,-0.790131334
3.906,-0.788019155
3.907,-1.008236447
3.908,-0.994913139
3.909,-1.041317337
3.91,-0.908980885
3.911,-0.997773645
3.912,-0.982071935
3.913,-0.883480385
3.914,-0.82660312
3.915,-0.997308006
3.916,-0.885761142
3.917,-0.859984628
3.918,-0.781380967
3.919,-0.945049415
3.92,-0.704807617
3.921,-0.931267206
3.922,-0.794767479
3.923,-0.709569391
3.924,-0.72243948
3.925,-0.764648236
3.926,-0.713145743
3.927,-0.854620029
3.928,-0.656745476
3.929,-0.834231363
3.93,-0.672644508
3.931,-0.790797332
3.932,-0.747642068
3.933,-0.755451477
3.934,-0.644247771
3.935,-0.786582216
3.936,-0.609736849
3.937,-0.614245895
3.938,-0.789496087
3.939,-0.729483476
3.94,-0.765360565
3.941,-0.811088742
3.942,-0.668849471
3.943,-0.516887412
3.944,-0.563191708
3.945,-0.616306621
3.946,-0.500141537
3.947,-0.470204345
3.948,-0.539365874
3.949,-0.453374581
3.95,-0.476116591
3.951,-0.672113165
3.952,-0.504906567
3.953,-0.655118235
3.954,-0.56889787
3.955,-0.621596221
3.956,-0.639599362
3.957,-0.568295587
3.958,-0.39758593
3.959,-0.382920446
3.96,-0.530375863
3.961,-0.537909741
3.962,-0.430607694
3.963,-0.550455481
3.964,-0.579959447
3.965,-0.489812041
3.966,-0.524384225
3.967,-0.531072792
3.968,-0.39540277
3.969,-0.285918402
3.97,-0.50178954
3.971,-0.381068558
3.972,-0.325366526
3.973,-0.449694115
3.974,-0.379605276
3.975,-0.431532627
3.976,-0.433417419
3.977,-0.406826994
3.978,-0.27504242
3.979,-0.371671204
3.98,-0.281420439
3.981,-0.282524269
3.982,-0.152817528
3.983,-0.146891091
3.984,-0.269632765
3.985,-0.159684584
3.986,-0.052732417
3.987,-0.13732068
3.988,-0.163114666
3.989,-0.1485205
3.99,-0.236253471
3.991,-0.202526151
3.992,-0.030903483
3.993,-0.077157778
3.994,-0.135439077
3.995,-0.007136535
3.996,-0.095724729
3.997,-0.059724956
3.998,0.096011765
3.999,-0.00252551
4,0.065849651
4.001,-0.09783013
4.002,0.12264667
4.003,-0.055574742
4.004,-0.079320138
4.005,0.114512266
4.006,-0.072567455
4.007,0.121880324
4.008,0.170530436
4.009,-0.028766579
4.01,0.038988167
4.011,0.247319859
4.012,0.121589109
4.013,0.285635595
4.014,0.196950083
4.015,0.336930799
4.016,0.114260398
4.017,0.347229674
4.018,0.157247721
4.019,0.382839863
4.02,0.119009702
4.021,0.395548179
4.022,0.345458439
4.023,0.34525876
4.024,0.299225696
4.025,0.352343718
4.026,0.425921405
4.027,0.196555577
4.028,0.274548426
4.029,0.213632145
4.03,0.446722828
4.031,0.439046692
4.032,0.432597355
4.033,0.425121611
4.034,0.302255
4.035,0.411454377
4.036,0.326256347
4.037,0.425987381
4.038,0.362435259
4.039,0.461827393
4.04,0.492784659
4.041,0.560478922
4.042,0.458988878
4.043,0.546210878
4.044,0.528491708
4.045,0.422332949
4.046,0.469064825
4.047,0.491944873
4.048,0.453455546
4.049,0.608924388
4.05,0.688424742
4.051,0.500331996
4.052,0.674324167
4.053,0.712446333
4.054,0.593868017
4.055,0.549997159
4.056,0.761252431
4.057,0.621848022
4.058,0.535707005
4.059,0.693691362
4.06,0.794214281
4.061,0.754001884
4.062,0.797375811
4.063,0.819488694
4.064,0.61726479
4.065,0.598733684
4.066,0.709763909
4.067,0.778699521
4.068,0.820249755
4.069,0.872957547
4.07,0.751247268
4.071,0.8314229
4.072,0.807528925
4.073,0.695145717
4.074,0.77936136
4.075,0.831206742
4.076,0.954696385
4.077,0.964713591
4.078,0.706321187
4.079,0.75695297
4.08,0.784342436
4.081,0.708448632
4.082,1.002920732
4.083,0.949804655
4.084,0.91740459
4.085,1.005679855
4.086,0.872371307
4.087,0.820826552
4.088,0.913766747
4.089,0.856524088
4.09,1.03930081
4.091,0.782986131
4.092,0.931603186
4.093,0.878541822
4.094,0.915455857
4.095,1.015885381
4.096,0.998483283
4.097,0.81234618
4.098,0.797147472
4.099,0.797358215
4.1,0.817570386
4.101,0.824369389
4.102,1.010747908
4.103,0.840412526
4.104,1.045878206
4.105,0.994373228
4.106,1.001980971
4.107,0.990160771
4.108,1.04384475
4.109,1.078210801
4.11,1.07557687
4.111,0.853619431
4.112,0.966840791
4.113,1.077432882
4.114,0.943816125
4.115,0.889826109
4.116,0.980799956
4.117,0.860838504
4.118,0.930381185
4.119,0.947630778
4.12,0.946739771
4.121,1.127263043
4.122,1.076196659
4.123,1.07844376
4.124,0.935492604
4.125,1.112636745
4.126,0.992310746
4.127,0.857474592
4.128,0.878637816
4.129,1.114549667
4.13,1.032019737
4.131,1.019596309
4.132,1.124044055
4.133,1.007166889
4.134,0.930430464
4.135,0.959223952
4.136,0.968991125
4.137,1.014268174
4.138,1.043869962
4.139,0.906914876
4.14,1.112379602
4.141,0.976741403
4.142,1.089890381
4.143,0.906229285
4.144,0.973889104
4.145,1.03464182
4.146,0.871429423
4.147,1.059374123
4.148,0.916069252
4.149,0.89988332
4.15,0.895986827
4.151,0.955106638
4.152,0.98213389
4.153,0.901458421
4.154,1.066252159
4.155,0.88431849
4.156,1.06816369
4.157,1.036502404
4.158,0.915420781
4.159,0.997900538
4.16,0.901215084
4.161,0.88806939
4.162,0.933805723
4.163,0.930467916
4.164,0.781452107
4.165,0.965697553
4.166,1.011474709
4.167,0.790222522
4.168,0.99565839
4.169,0.860551016
4.17,0.855817384
4.171,0.943350959
4.172,0.696163387
4.173,0.733513171
4.174,0.785131944
4.175,0.912782093
4.176,0.915951541
4.177,0.86458048
4.178,0.837793121
4.179,0.705745732
4.18,0.809342626
4.181,0.894806325
4.182,0.766552844
4.183,0.886487943
4.184,0.636925434
4.185,0.609958795
4.186,0.816345559
4.187,0.697865569
4.188,0.651682074
4.189,0.793810557
4.19,0.636168087
4.191,0.799308783
4.192,0.814118124
4.193,0.806371383
4.194,0.748334461
4.195,0.590534462
4.196,0.706447797
4.197,0.634729101
4.198,0.752682963
4.199,0.611724187
4.2,0.481156082
4.201,0.720805528
4.202,0.519586932
4.203,0.48092686
4.204,0.585886074
4.205,0.436362539
4.206,0.510108707
4.207,0.398371643
4.208,0.461171155
4.209,0.442451628
4.21,0.446880278
4.211,0.382593983
4.212,0.481856931
4.213,0.363662955
4.214,0.363524781
4.215,0.367257449
4.216,0.484501897
4.217,0.433739436
4.218,0.492511802
4.219,0.497209705
4.22,0.441299657
4.221,0.379948683
4.222,0.375176858
4.223,0.201027906
4.224,0.189807701
4.225,0.163444995
4.226,0.366895228
4.227,0.249229009
4.228,0.192966147
4.229,0.327149716
4.23,0.289203058
4.231,0.153485192
4.232,0.18016626
4.233,0.116648725
4.234,0.134872165
4.235,0.198464563
4.236,0.061240541
4.237,0.014056421
4.238,0.285885548
4.239,0.210736467
4.24,0.07835105
4.241,0.223960585
4.242,0.016029988
4.243,0.188477253
4.244,0.078373304
4.245,0.054604718
4.246,-0.099640886
4.247,0.184657514
4.248,-0.122660553
4.249,-0.110095538
4.25,0.066579904
4.251,0.122168667
4.252,0.052986409
4.253,-0.091732738
4.254,-0.023209657
4.255,-0.039251657
4.256,-0.03567116
4.257,-0.151620267
4.258,-0.164971452
4.259,0.006139473
4.26,-0.122300345
4.261,-0.230697087
4.262,-0.246329232
4.263,-0.225236034
4.264,-0.095590296
4.265,-0.079019948
4.266,-0.164499927
4.267,-0.35486241
4.268,-0.312245498
4.269,-0.241932707
4.27,-0.220838957
4.271,-0.163823312
4.272,-0.12565615
4.273,-0.167001106
4.274,-0.359752467
4.275,-0.428827524
4.276,-0.172972091
4.277,-0.428299961
4.278,-0.37510665
4.279,-0.34888862
4.28,-0.393672442
4.281,-0.268612427
4.282,-0.435778695
4.283,-0.356827516
4.284,-0.414654768
4.285,-0.573077899
4.286,-0.444565076
4.287,-0.491559778
4.288,-0.552575265
4.289,-0.614964619
4.29,-0.617428442
4.291,-0.434657472
4.292,-0.415715134
4.293,-0.535105661
4.294,-0.377084611
4.295,-0.581877295
4.296,-0.5273976
4.297,-0.534976865
4.298,-0.54492019
4.299,-0.567590562
4.3,-0.500969302
4.301,-0.658289572
4.302,-0.67565899
4.303,-0.532065036
4.304,-0.487159791
4.305,-0.511069579
4.306,-0.520347011
4.307,-0.608841752
4.308,-0.748784497
4.309,-0.683527955
4.31,-0.799769098
4.311,-0.694227939
4.312,-0.692761342
4.313,-0.587401475
4.314,-0.625817312
4.315,-0.607400785
4.316,-0.656713558
4.317,-0.619243067
4.318,-0.846331668
4.319,-0.860245673
4.32,-0.702470918
4.321,-0.760459466
4.322,-0.901509492
4.323,-0.789972869
4.324,-0.917266718
4.325,-0.757767981
4.326,-0.738967882
4.327,-0.905758056
4.328,-0.898306014
4.329,-0.713159138
4.33,-0.723849865
4.331,-0.864730867
4.332,-0.722647933
4.333,-0.982052877
4.334,-0.757205819
4.335,-0.976900844
4.336,-0.984665846
4.337,-0.857722349
4.338,-0.795785348
4.339,-1.042050118
4.34,-0.798244941
4.341,-0.820315202
4.342,-0.916099967
4.343,-0.853074057
4.344,-0.889828773
4.345,-1.019461106
4.346,-0.808078148
4.347,-1.057172951
4.348,-0.844349834
4.349,-0.93476099
4.35,-0.89943453
4.351,-0.961913769
4.352,-1.021022107
4.353,-0.841640087
4.354,-0.99459429
4.355,-1.037233986
4.356,-0.824149121
4.357,-0.941161431
4.358,-1.09897394
4.359,-1.07717854
4.36,-1.108792114
4.361,-0.887690969
4.362,-0.973409879
4.363,-0.995834394
4.364,-0.843437253
4.365,-0.990530385
4.366,-1.053913752
4.367,-0.883668711
4.368,-0.90374462
4.369,-0.970959665
4.37,-1.139233291
4.371,-1.030433961
4.372,-1.107858646
4.373,-1.030081801
4.374,-1.136509193
4.375,-0.884706345
4.376,-0.958334151
4.377,-0.907781367
4.378,-0.958864108
4.379,-0.922417849
4.38,-1.051057724
4.381,-0.856718254
4.382,-0.853902121
4.383,-1.135745481
4.384,-1.049995963
4.385,-0.954302536
4.386,-0.964633896
4.387,-0.961344485
4.388,-0.935373614
4.389,-1.041275354
4.39,-1.124911255
4.391,-0.957197271
4.392,-1.097290362
4.393,-0.912879994
4.394,-1.059533723
4.395,-0.900014599
4.396,-0.841401838
4.397,-0.967828861
4.398,-0.937603625
4.399,-0.826333201
4.4,-0.82992255
4.401,-0.824161448
4.402,-1.080160766
4.403,-0.922016116
4.404,-0.988893266
4.405,-0.802936041
4.406,-0.823273726
4.407,-0.935122421
4.408,-0.820314252
4.409,-0.838968921
4.41,-0.909177562
4.411,-0.788234988
4.412,-0.920690305
4.413,-0.907071509
4.414,-0.774400719
4.415,-0.940854817
4.416,-0.990718475
4.417,-0.939624347
4.418,-0.760483429
4.419,-0.90313366
4.42,-0.762446357
4.421,-0.934782998
4.422,-0.736968537
4.423,-0.829410065
4.424,-0.746989559
4.425,-0.772606183
4.426,-0.786713198
4.427,-0.750956286
4.428,-0.793938283
4.429,-0.681961313
4.43,-0.75249657
4.431,-0.657271929
4.432,-0.756007088
4.433,-0.64783692
4.434,-0.657040846
4.435,-0.759867809
4.436,-0.580809048
4.437,-0.684601546
4.438,-0.708815644
4.439,-0.671285479
4.44,-0.721180988
4.441,-0.592246482
4.442,-0.741240402
4.443,-0.646469374
4.444,-0.537063082
4.445,-0.565168621
4.446,-0.526625316
4.447,-0.665373061
4.448,-0.478142465
4.449,-0.743467647
4.45,-0.619286094
4.451,-0.62396396
4.452,-0.697483987
4.453,-0.444339508
4.454,-0.477219684
4.455,-0.50707823
4.456,-0.433011563
4.457,-0.376875035
4.458,-0.369845648
4.459,-0.568605068
4.46,-0.496039643
4.461,-0.591912567
4.462,-0.320364241
4.463,-0.307820853
4.464,-0.498006467
4.465,-0.477227778
4.466,-0.313882814
4.467,-0.448703826
4.468,-0.257265429
4.469,-0.235763588
4.47,-0.496306528
4.471,-0.26492228
4.472,-0.218454661
4.473,-0.333727479
4.474,-0.295325912
4.475,-0.262137644
4.476,-0.312693071
4.477,-0.358477911
4.478,-0.159824369
4.479,-0.213447358
4.48,-0.161554489
4.481,-0.14582162
4.482,-0.181441221
4.483,-0.301955902
4.484,-0.293778027
4.485,-0.12094407
4.486,-0.18176321
4.487,-0.131109357
4.488,-0.274231551
4.489,0.002998151
4.49,-0.082380149
4.491,0.026225671
4.492,-0.068104813
4.493,-0.232739272
4.494,-0.026089347
4.495,0.075955085
4.496,-0.098263335
4.497,-0.011663194
4.498,0.104297012
4.499,-0.00128481
4.5,0.010712375
4.501,0.002928702
4.502,0.106392298
4.503,0.159203889
4.504,-0.00308439
4.505,0.138816808
4.506,0.099348111
4.507,0.078104882
4.508,0.056686569
4.509,0.260226185
4.51,0.044125772
4.511,0.025781656
4.512,0.044554914
4.513,0.111990033
4.514,0.301387347
4.515,0.26965119
4.516,0.309375491
4.517,0.137768813
4.518,0.222600192
4.519,0.219127454
4.52,0.224369701
4.521,0.292340829
4.522,0.407429496
4.523,0.160606071
4.524,0.387081982
4.525,0.26484016
4.526,0.19254767
4.527,0.479621345
4.528,0.215485623
4.529,0.454939924
4.53,0.402987126
4.531,0.335051965
4.532,0.50811097
4.533,0.263099384
4.534,0.415631398
4.535,0.359718173
4.536,0.375894727
4.537,0.464535018
4.538,0.477707986
4.539,0.466554142
4.54,0.345012444
4.541,0.476714601
4.542,0.548865405
4.543,0.383501643
4.544,0.633221639
4.545,0.591401153
4.546,0.666466233
4.547,0.562695861
4.548,0.618235911
4.549,0.518385851
4.55,0.510131973
4.551,0.527867584
4.552,0.719332703
4.553,0.471169813
4.554,0.544182625
4.555,0.650672646
4.556,0.571085349
4.557,0.655079678
4.558,0.810419508
4.559,0.541734714
4.56,0.635488877
4.561,0.586469634
4.562,0.572164393
4.563,0.842341274
4.564,0.759847993
4.565,0.692719016
4.566,0.589482915
4.567,0.862501861
4.568,0.74226507
4.569,0.623191957
4.57,0.766227107
4.571,0.81947785
4.572,0.678654084
4.573,0.774450702
4.574,0.787958681
4.575,0.69395154
4.576,0.77941681
4.577,0.759703535
4.578,0.937599903
4.579,0.950611299
4.58,0.816766266
4.581,0.89155129
4.582,0.842825665
4.583,0.717061867
4.584,0.892270072
4.585,0.961049986
4.586,0.94918289
4.587,0.9817001
4.588,0.956004988
4.589,1.004801689
4.59,1.003822185
4.591,1.02451785
4.592,1.00442363
4.593,0.796149014
4.594,0.843957598
4.595,0.946967999
4.596,0.795236488
4.597,0.790265689
4.598,0.837652874
4.599,1.047502965
4.6,0.933879314
4.601,0.886113411
4.602,0.838979885
4.603,1.028714451
4.604,0.852847048
4.605,0.837019542
4.606,1.078113378
4.607,1.051426436
4.608,0.977955546
4.609,0.847755821
4.61,1.091728235
4.611,0.868363431
4.612,1.084698287
4.613,0.853388668
4.614,1.140116703
4.615,1.024221724
4.616,0.936591158
4.617,0.866372351
4.618,0.983178393
4.619,1.087198535
4.62,1.05693298
4.621,1.0798745
4.622,0.926993834
4.623,1.138300456
4.624,0.95294302
4.625,1.109908785
4.626,0.887516999
4.627,0.859770967
4.628,1.146003836
4.629,0.93736674
4.63,1.055321511
4.631,0.887273455
4.632,1.016194076
4.633,0.961259685
4.634,1.108713102
4.635,0.930819494
4.636,1.027644687
4.637,1.016467319
4.638,0.984049434
4.639,1.111279314
4.64,1.018757602
4.641,1.079120904
4.642,0.968676245
4.643,1.028657338
4.644,0.977693599
4.645,1.086038171
4.646,0.827653988
4.647,1.03053708
4.648,0.986905939
4.649,1.014986978
4.65,1.00241933
4.651,0.982268661
4.652,0.964344259
4.653,0.837172897
4.654,0.86183414
4.655,0.958881417
4.656,0.876646312
4.657,0.807196543
4.658,0.870391418
4.659,0.998609796
4.66,0.933901218
4.661,0.938127063
4.662,0.999970106
4.663,0.799658777
4.664,0.966316719
4.665,1.01728794
4.666,0.846155849
4.667,0.867689923
4.668,0.97325423
4.669,0.853044715
4.67,0.747448164
4.671,0.763934456
4.672,0.832483756
4.673,0.787865859
4.674,0.684586162
4.675,0.668219373
4.676,0.666611511
4.677,0.881666329
4.678,0.826601764
4.679,0.884956934
4.68,0.901204145
4.681,0.739096607
4.682,0.724868916
4.683,0.782186004
4.684,0.693297842
4.685,0.790046758
4.686,0.711102931
4.687,0.570666239
4.688,0.580201597
4.689,0.792386657
4.69,0.73477449
4.691,0.682012333
4.692,0.709800878
4.693,0.634576404
4.694,0.59784186
4.695,0.649864204
4.696,0.696136194
4.697,0.756008274
4.698,0.660690035
4.699,0.450632591
4.7,0.492842893
4.701,0.498284706
4.702,0.672277172
4.703,0.553929308
4.704,0.481576496
4.705,0.425294546
4.706,0.629148705
4.707,0.402085019
4.708,0.463890865
4.709,0.551116725
4.71,0.385381634
4.711,0.527252466
4.712,0.586928426
4.713,0.568533412
4.714,0.480108201
4.715,0.551342358
4.716,0.374030499
4.717,0.45486678
4.718,0.255923255
4.719,0.385064079
4.72,0.284972874
4.721,0.327730749
4.722,0.243217527
4.723,0.351952135
4.724,0.31083615
4.725,0.28183663
4.726,0.427507226
4.727,0.20293094
4.728,0.22607367
4.729,0.233938362
4.73,0.225660128
4.731,0.245861405
4.732,0.285949193
4.733,0.11686223
4.734,0.261470897
4.735,0.113202962
4.736,0.253889915
4.737,0.153071473
4.738,0.064539739
4.739,0.206553494
4.74,0.232588278
4.741,0.165657234
4.742,0.067049146
4.743,0.140932064
4.744,0.210152187
4.745,0.024345349
4.746,0.104957775
4.747,0.028654793
4.748,-0.020017656
4.749,-0.020801528
4.75,0.058430849
4.751,-0.134857398
4.752,0.109354016
4.753,0.021113728
4.754,0.089523482
4.755,0.071780601
4.756,0.04090655
4.757,-0.122756274
4.758,-0.093686087
4.759,-0.064290868
4.76,-0.165031437
4.761,-0.093133008
4.762,-0.110608391
4.763,-0.104391703
4.764,-0.042246818
4.765,-0.281573738
4.766,-0.200597485
4.767,-0.315676328
4.768,-0.310317329
4.769,-0.374414251
4.77,-0.397840182
4.771,-0.231085308
4.772,-0.303592049
4.773,-0.398191061
4.774,-0.384780241
4.775,-0.177189189
4.776,-0.178352805
4.777,-0.235090369
4.778,-0.46179945
4.779,-0.22661178
4.78,-0.253177493
4.781,-0.270480101
4.782,-0.524169208
4.783,-0.373360543
4.784,-0.396804625
4.785,-0.420436359
4.786,-0.290668399
4.787,-0.444583634
4.788,-0.554477918
4.789,-0.512129412
4.79,-0.491626935
4.791,-0.483765993
4.792,-0.37198413
4.793,-0.406011991
4.794,-0.638581157
4.795,-0.554065622
4.796,-0.568624233
4.797,-0.457537513
4.798,-0.526049653
4.799,-0.546810477
4.8,-0.524289191
4.801,-0.617341885
4.802,-0.6862682
4.803,-0.505883725
4.804,-0.710729
4.805,-0.494278738
4.806,-0.655529987
4.807,-0.748826384
4.808,-0.675188341
4.809,-0.655996256
4.81,-0.787646941
4.811,-0.813581118
4.812,-0.78834088
4.813,-0.681275756
4.814,-0.668293676
4.815,-0.705366607
4.816,-0.743552512
4.817,-0.77027022
4.818,-0.703934495
4.819,-0.822119309
4.82,-0.80349621
4.821,-0.882049753
4.822,-0.697720738
4.823,-0.832679886
4.824,-0.915098097
4.825,-0.748035565
4.826,-0.683903551
4.827,-0.916129785
4.828,-0.920310994
4.829,-0.952364256
4.83,-0.817774892
4.831,-0.933009075
4.832,-0.716039285
4.833,-0.75930703
4.834,-0.999709706
4.835,-0.823907821
4.836,-0.869685337
4.837,-1.033471901
4.838,-0.781991713
4.839,-0.995224119
4.84,-0.914027869
4.841,-0.90132074
4.842,-1.020029827
4.843,-0.873792468
4.844,-1.054349805
4.845,-1.05705489
4.846,-0.913605337
4.847,-1.016403868
4.848,-0.838326296
4.849,-0.934631135
4.85,-0.892421354
4.851,-0.830617681
4.852,-0.8168238
4.853,-0.837516665
4.854,-1.094693351
4.855,-1.004272661
4.856,-0.935773621
4.857,-0.92618603
4.858,-0.871404679
4.859,-1.044215765
4.86,-0.934140599
4.861,-1.066727432
4.862,-0.946894424
4.863,-0.927946409
4.864,-0.91827545
4.865,-0.912028716
4.866,-1.139036427
4.867,-1.025525592
4.868,-1.001655168
4.869,-1.057647705
4.87,-0.93869129
4.871,-0.863721915
4.872,-1.028685511
4.873,-0.964814828
4.874,-0.877389218
4.875,-0.886536755
4.876,-1.128018294
4.877,-0.997249484
4.878,-1.06982701
4.879,-1.072386041
4.88,-1.035181573
4.881,-0.908379928
4.882,-0.925341858
4.883,-0.976510317
4.884,-1.083137849
4.885,-0.984103365
4.886,-1.006229211
4.887,-1.059540441
4.888,-1.111457473
4.889,-0.854062568
4.89,-1.009277268
4.891,-0.962194967
4.892,-0.915744201
4.893,-1.063025256
4.894,-0.944987475
4.895,-1.095854974
4.896,-0.888208131
4.897,-1.010798019
4.898,-0.884224414
4.899,-1.026244682
4.9,-0.970519173
4.901,-0.829910688
4.902,-0.861946331
4.903,-1.008180537
4.904,-0.852918478
4.905,-0.944362108
4.906,-0.988223992
4.907,-0.886965486
4.908,-0.984654953
4.909,-0.864636266
4.91,-0.918282284
4.911,-0.92991196
4.912,-0.832422129
4.913,-0.989156891
4.914,-0.73589087
4.915,-0.829519627
4.916,-0.765226475
4.917,-1.010155984
4.918,-0.808515896
4.919,-0.753430234
4.92,-0.852577251
4.921,-0.965706057
4.922,-0.789921881
4.923,-0.896420616
4.924,-0.69663655
4.925,-0.952700376
4.926,-0.775881523
4.927,-0.846355984
4.928,-0.927512448
4.929,-0.818485182
4.93,-0.843898584
4.931,-0.862656944
4.932,-0.856704236
4.933,-0.652784442
4.934,-0.6353904
4.935,-0.820512481
4.936,-0.762888868
4.937,-0.763223437
4.938,-0.815880252
4.939,-0.585102476
4.94,-0.67472437
4.941,-0.548287742
4.942,-0.644787721
4.943,-0.705915142
4.944,-0.751293977
4.945,-0.722345734
4.946,-0.648630189
4.947,-0.672239182
4.948,-0.664759911
4.949,-0.629977557
4.95,-0.625333379
4.951,-0.618106538
4.952,-0.495573513
4.953,-0.703506024
4.954,-0.600459204
4.955,-0.393825621
4.956,-0.619526565
4.957,-0.658427804
4.958,-0.438371643
4.959,-0.386100569
4.96,-0.483469574
4.961,-0.388350903
4.962,-0.557408884
4.963,-0.464549875
4.964,-0.511899517
4.965,-0.483172435
4.966,-0.46710577
4.967,-0.338259676
4.968,-0.280648806
4.969,-0.28321418
4.97,-0.288205423
4.971,-0.413702419
4.972,-0.445545494
4.973,-0.461271108
4.974,-0.334126627
4.975,-0.305012746
4.976,-0.314946513
4.977,-0.369717033
4.978,-0.256930075
4.979,-0.1600152
4.98,-0.310084665
4.981,-0.147244767
4.982,-0.322925649
4.983,-0.287345107
4.984,-0.222002625
4.985,-0.118347562
4.986,-0.11413601
4.987,-0.076141677
4.988,-0.181003744
4.989,-0.266866316
4.99,-0.164892652
4.991,-0.262605265
4.992,0.013244293
4.993,-0.164800803
4.994,-0.115957996
4.995,0.036720023
4.996,-0.047181938
4.997,-0.126796336
4.998,0.035654305
4.999,0.056584331
